Skipping image OS validation for hb__ba01eb345eebabda2e93f691fc628c26: docker inspect returned 1
Skipping image OS validation for hb__ba01eb345eebabda2e93f691fc628c26: docker inspect returned 1
Skipping image OS validation for hb__ba01eb345eebabda2e93f691fc628c26: docker inspect returned 1
Installing: asciinema
Detected system: {'os': 'debian-based', 'package_manager': 'apt-get', 'update_command': None}
Installing tools using apt-get: DEBIAN_FRONTEND=noninteractive apt-get update && DEBIAN_FRONTEND=noninteractive apt-get install -y asciinema
Installing: asciinema
Installing: asciinema
Detected system: {'os': 'debian-based', 'package_manager': 'apt-get', 'update_command': None}
Installing tools using apt-get: DEBIAN_FRONTEND=noninteractive apt-get update && DEBIAN_FRONTEND=noninteractive apt-get install -y asciinema
Detected system: {'os': 'debian-based', 'package_manager': 'apt-get', 'update_command': None}
Installing tools using apt-get: DEBIAN_FRONTEND=noninteractive apt-get update && DEBIAN_FRONTEND=noninteractive apt-get install -y asciinema
Installing asciinema via pip...
Installing asciinema via pip...
Installing asciinema via pip...
Failed to install asciinema using pip
Starting recording.
Sending keys: ['asciinema rec --stdin /logs/agent/recording.cast', 'Enter'] min_timeout_sec: 1.0 max_timeout_sec: 180.0
Sending keys: ['clear', 'Enter'] min_timeout_sec: 0.0 max_timeout_sec: 180.0
Failed to install asciinema using pip
Failed to install asciinema using pip
Starting recording.
Sending keys: ['asciinema rec --stdin /logs/agent/recording.cast', 'Enter'] min_timeout_sec: 1.0 max_timeout_sec: 180.0
Starting recording.
Sending keys: ['asciinema rec --stdin /logs/agent/recording.cast', 'Enter'] min_timeout_sec: 1.0 max_timeout_sec: 180.0
Sending keys: ['clear', 'Enter'] min_timeout_sec: 0.0 max_timeout_sec: 180.0
Sending keys: ['clear', 'Enter'] min_timeout_sec: 0.0 max_timeout_sec: 180.0
Parser warnings: - Extra text detected before JSON object
- Extra text detected after JSON object
Sending keys: ['cat /opt/crypto-case/README.md\n'] min_timeout_sec: 0.1 max_timeout_sec: 180.0
Sending keys: ['ls -la /opt/crypto-case/\n'] min_timeout_sec: 0.1 max_timeout_sec: 180.0
Sending keys: ['agilityctl --help\n'] min_timeout_sec: 0.5 max_timeout_sec: 180.0
Trajectory dumped to /home/ubuntu/worktrees/def_tasks/tasksets/v3/incoming/codex/batch_9/006/.task-factory-runtime/jobs/codex_batch_9_006_qualification_r12_20260815_225832_004344/cryptographic_agility_pqc_migrat__BJuUBjG/agent/trajectory.json
Parser warnings: - Extra text detected before JSON object
- Extra text detected after JSON object
Sending keys: ['cd /opt/crypto-case/\n'] min_timeout_sec: 0.1 max_timeout_sec: 180.0
Sending keys: ['ls -la\n'] min_timeout_sec: 0.1 max_timeout_sec: 180.0
Parser warnings: - Extra text detected before JSON object
- Extra text detected after JSON object
Sending keys: ['ls -la /opt/crypto-case/\n'] min_timeout_sec: 0.1 max_timeout_sec: 180.0
Sending keys: ['cat README.md\n'] min_timeout_sec: 0.1 max_timeout_sec: 180.0
Sending keys: ['cat /opt/crypto-case/README.md\n'] min_timeout_sec: 0.2 max_timeout_sec: 180.0
Sending keys: ['agilityctl --help\n'] min_timeout_sec: 0.2 max_timeout_sec: 180.0
Trajectory dumped to /home/ubuntu/worktrees/def_tasks/tasksets/v3/incoming/codex/batch_9/006/.task-factory-runtime/jobs/codex_batch_9_006_qualification_r12_20260815_225832_004344/cryptographic_agility_pqc_migrat__gHRoRz4/agent/trajectory.json
Trajectory dumped to /home/ubuntu/worktrees/def_tasks/tasksets/v3/incoming/codex/batch_9/006/.task-factory-runtime/jobs/codex_batch_9_006_qualification_r12_20260815_225832_004344/cryptographic_agility_pqc_migrat__smwEXxf/agent/trajectory.json
Sending keys: ['ls -la /opt/crypto-case/docs/\n'] min_timeout_sec: 0.1 max_timeout_sec: 180.0
Sending keys: ['cat /opt/crypto-case/docs/plan-schema.md\n'] min_timeout_sec: 0.1 max_timeout_sec: 180.0
Sending keys: ['cat /opt/crypto-case/docs/evidence-semantics.md\n'] min_timeout_sec: 0.1 max_timeout_sec: 180.0
Sending keys: ['mkdir -p /app/submission\n'] min_timeout_sec: 0.1 max_timeout_sec: 180.0
Trajectory dumped to /home/ubuntu/worktrees/def_tasks/tasksets/v3/incoming/codex/batch_9/006/.task-factory-runtime/jobs/codex_batch_9_006_qualification_r12_20260815_225832_004344/cryptographic_agility_pqc_migrat__BJuUBjG/agent/trajectory.json
Parser warnings: - Extra text detected before JSON object
- Extra text detected after JSON object
Sending keys: ['cat docs/evidence-semantics.md\n'] min_timeout_sec: 0.2 max_timeout_sec: 180.0
Sending keys: ['cat docs/plan-schema.md\n'] min_timeout_sec: 0.2 max_timeout_sec: 180.0
Trajectory dumped to /home/ubuntu/worktrees/def_tasks/tasksets/v3/incoming/codex/batch_9/006/.task-factory-runtime/jobs/codex_batch_9_006_qualification_r12_20260815_225832_004344/cryptographic_agility_pqc_migrat__gHRoRz4/agent/trajectory.json
Parser warnings: - Extra text detected before JSON object
- Extra text detected after JSON object
Sending keys: ['which agilityctl\n'] min_timeout_sec: 0.1 max_timeout_sec: 180.0
Sending keys: ['cat /opt/crypto-case/docs/evidence-semantics.md\n'] min_timeout_sec: 0.2 max_timeout_sec: 180.0
Sending keys: ['cat /opt/crypto-case/docs/plan-schema.md\n'] min_timeout_sec: 0.2 max_timeout_sec: 180.0
Sending keys: ['cat /opt/crypto-case/docs/migration-contract.md\n'] min_timeout_sec: 0.2 max_timeout_sec: 180.0
Trajectory dumped to /home/ubuntu/worktrees/def_tasks/tasksets/v3/incoming/codex/batch_9/006/.task-factory-runtime/jobs/codex_batch_9_006_qualification_r12_20260815_225832_004344/cryptographic_agility_pqc_migrat__smwEXxf/agent/trajectory.json
Parser warnings: - Extra text detected before JSON object
- Extra text detected after JSON object
Sending keys: ['cat docs/migration-contract.md\n'] min_timeout_sec: 0.2 max_timeout_sec: 180.0
Sending keys: ['cat docs/receipt-contract.md\n'] min_timeout_sec: 0.2 max_timeout_sec: 180.0
Trajectory dumped to /home/ubuntu/worktrees/def_tasks/tasksets/v3/incoming/codex/batch_9/006/.task-factory-runtime/jobs/codex_batch_9_006_qualification_r12_20260815_225832_004344/cryptographic_agility_pqc_migrat__gHRoRz4/agent/trajectory.json
Parser warnings: - Extra text detected before JSON object
- Extra text detected after JSON object
Sending keys: ['cat /opt/crypto-case/docs/migration-contract.md\n'] min_timeout_sec: 0.1 max_timeout_sec: 180.0
Sending keys: ['cat /opt/crypto-case/docs/receipt-contract.md\n'] min_timeout_sec: 0.1 max_timeout_sec: 180.0
Sending keys: ['ls -la /opt/crypto-case/case/\n'] min_timeout_sec: 0.1 max_timeout_sec: 180.0
Parser warnings: - Extra text detected before JSON object
- Extra text detected after JSON object
Sending keys: ['cat /opt/crypto-case/case/estate.json | jq .\n'] min_timeout_sec: 0.5 max_timeout_sec: 180.0
Sending keys: ['cat /opt/crypto-case/case/estate.json\n'] min_timeout_sec: 0.1 max_timeout_sec: 180.0
Trajectory dumped to /home/ubuntu/worktrees/def_tasks/tasksets/v3/incoming/codex/batch_9/006/.task-factory-runtime/jobs/codex_batch_9_006_qualification_r12_20260815_225832_004344/cryptographic_agility_pqc_migrat__BJuUBjG/agent/trajectory.json
Sending keys: ['cat /opt/crypto-case/case/incident-evidence.json | jq .\n'] min_timeout_sec: 0.5 max_timeout_sec: 180.0
Sending keys: ['cat /opt/crypto-case/case/policy-baseline.json | jq .\n'] min_timeout_sec: 0.5 max_timeout_sec: 180.0
Trajectory dumped to /home/ubuntu/worktrees/def_tasks/tasksets/v3/incoming/codex/batch_9/006/.task-factory-runtime/jobs/codex_batch_9_006_qualification_r12_20260815_225832_004344/cryptographic_agility_pqc_migrat__smwEXxf/agent/trajectory.json
Parser warnings: - Extra text detected before JSON object
- Extra text detected after JSON object
Sending keys: ["cat << 'EOF' > /app/inspect_case.py\nimport json, glob, os\nfor f in sorted(glob.glob('/opt/crypto-case/case/*')):\n    print(f'--- {os.path.basename(f)} ---')\n    if f.endswith('.json'):\n        with open(f) as fp: d = json.load(fp)\n        if isinstance(d, dict): print(list(d.keys()))\n        elif isinstance(d, list): print('list of length', len(d))\n    elif f.endswith('.jsonl'):\n        with open(f) as fp: lines = fp.readlines()\n        print(len(lines), 'lines, first line keys:', list(json.loads(lines[0]).keys()) if lines else [])\nEOF\n"] min_timeout_sec: 0.2 max_timeout_sec: 180.0
Sending keys: ['python3 /app/inspect_case.py\n'] min_timeout_sec: 0.5 max_timeout_sec: 180.0
Trajectory dumped to /home/ubuntu/worktrees/def_tasks/tasksets/v3/incoming/codex/batch_9/006/.task-factory-runtime/jobs/codex_batch_9_006_qualification_r12_20260815_225832_004344/cryptographic_agility_pqc_migrat__gHRoRz4/agent/trajectory.json
Parser warnings: - Extra text detected before JSON object
- Extra text detected after JSON object
Sending keys: ['cat /opt/crypto-case/docs/receipt-contract.md\n'] min_timeout_sec: 0.1 max_timeout_sec: 180.0
Sending keys: ['cat /opt/crypto-case/case/policy-baseline.json\n'] min_timeout_sec: 0.1 max_timeout_sec: 180.0
Sending keys: ['cat /opt/crypto-case/case/incident-evidence.json\n'] min_timeout_sec: 0.1 max_timeout_sec: 180.0
Sending keys: ['agilityctl evidence\n'] min_timeout_sec: 0.5 max_timeout_sec: 180.0
Trajectory dumped to /home/ubuntu/worktrees/def_tasks/tasksets/v3/incoming/codex/batch_9/006/.task-factory-runtime/jobs/codex_batch_9_006_qualification_r12_20260815_225832_004344/cryptographic_agility_pqc_migrat__BJuUBjG/agent/trajectory.json
Parser warnings: - Extra text detected before JSON object
- Extra text detected after JSON object
Sending keys: ['cat /opt/crypto-case/case/materials.json | jq .\n'] min_timeout_sec: 0.5 max_timeout_sec: 180.0
Sending keys: ['cat /opt/crypto-case/case/archives.json | jq .\n'] min_timeout_sec: 0.5 max_timeout_sec: 180.0
Sending keys: ['cat /opt/crypto-case/case/deployment-events.jsonl\n'] min_timeout_sec: 0.5 max_timeout_sec: 180.0
Trajectory dumped to /home/ubuntu/worktrees/def_tasks/tasksets/v3/incoming/codex/batch_9/006/.task-factory-runtime/jobs/codex_batch_9_006_qualification_r12_20260815_225832_004344/cryptographic_agility_pqc_migrat__smwEXxf/agent/trajectory.json
Parser warnings: - Extra text detected before JSON object
- Extra text detected after JSON object
Sending keys: ['cat /opt/crypto-case/case/estate.json\n'] min_timeout_sec: 0.2 max_timeout_sec: 180.0
Sending keys: ['cat /opt/crypto-case/case/incident-evidence.json\n'] min_timeout_sec: 0.2 max_timeout_sec: 180.0
Sending keys: ['cat /opt/crypto-case/case/policy-baseline.json\n'] min_timeout_sec: 0.2 max_timeout_sec: 180.0
Trajectory dumped to /home/ubuntu/worktrees/def_tasks/tasksets/v3/incoming/codex/batch_9/006/.task-factory-runtime/jobs/codex_batch_9_006_qualification_r12_20260815_225832_004344/cryptographic_agility_pqc_migrat__gHRoRz4/agent/trajectory.json
Parser warnings: - Extra text detected before JSON object
- Extra text detected after JSON object
Sending keys: ['cat /opt/crypto-case/case/tls-negotiations.jsonl\n'] min_timeout_sec: 0.5 max_timeout_sec: 180.0
Sending keys: ['cat /opt/crypto-case/case/signature-verifications.jsonl\n'] min_timeout_sec: 0.5 max_timeout_sec: 180.0
Sending keys: ['cat /opt/crypto-case/case/ssh-sessions.jsonl\n'] min_timeout_sec: 0.5 max_timeout_sec: 180.0
Sending keys: ['cat /opt/crypto-case/case/compatibility.json | jq .\n'] min_timeout_sec: 0.5 max_timeout_sec: 180.0
Sending keys: ['cat /opt/crypto-case/case/execution-fixtures.json | jq .\n'] min_timeout_sec: 0.5 max_timeout_sec: 180.0
Parser warnings: - Extra text detected before JSON object
- Extra text detected after JSON object
Sending keys: ["cat << 'EOF' > parse_deps.py\nimport json, sys\n\ndef load_json(p): \n    with open(p) as f: return json.load(f)\ndef load_jsonl(p):\n    with open(p) as f: return [json.loads(l) for l in f if l.strip()]\n\nestate = load_json('/opt/crypto-case/case/estate.json')\ncaptured_at = estate['captured_at']\n\nevents = load_jsonl('/opt/crypto-case/case/deployment-events.jsonl')\nevents.sort(key=lambda x: x['timestamp'])\n\n# Reconstruct active subjects per consumer\n# consumer -> set(subjects)\nactive_subjects = {}\nfor ev in events:\n    if ev['timestamp'] > captured_at: continue\n    subj = ev['subject']\n    cons = ev['consumer']\n    if ev['event'] == 'bind':\n        active_subjects.setdefault(cons, set()).add(subj)\n    elif ev['event'] == 'unbind':\n        if cons in active_subjects and subj in active_subjects[cons]:\n            active_subjects[cons].remove(subj)\n\n# Load observations\nobs = []\nobs.extend(load_jsonl('/opt/crypto-case/case/tls-negotiations.jsonl'))\nobs.extend(load_jsonl('/opt/crypto-case/case/signature-verifications.jsonl'))\nobs.extend(load_jsonl('/opt/crypto-case/case/ssh-sessions.jsonl'))\n\n# Filter to success <= captured_at\nvalid_obs = [o for o in obs if o['result'] == 'success' and o['observed_at'] <= captured_at]\nvalid_obs.sort(key=lambda x: x['observed_at'], reverse=True)\n\ndeps = []\nfor cons_info in estate['consumers']:\n    cons_id = cons_info['id']\n    surface = cons_info['surface']\n    # only process TLS, signing, SSH required consumers\n    if not cons_info.get('required'): continue\n    if surface.startswith('archive:'): continue\n    \n    subjects = active_subjects.get(cons_id, set())\n    \n    cons_algs = set()\n    cons_mats = set()\n    cons_ev = set()\n    \n    for subj in subjects:\n        # find latest\n        for o in valid_obs:\n            if o['surface'] == surface and o['subject'] == subj:\n                cons_algs.update(o['algorithms'])\n                cons_mats.update(o.get('materials', []))\n                cons_ev.add(o['id'])\n                break\n                \n    if cons_ev:\n        deps.append({\n            'surface': surface,\n            'consumer': cons_id,\n            'effective_algorithms': sorted(list(cons_algs)),\n            'materials': sorted(list(cons_mats)),\n            'evidence': sorted(list(cons_ev))\n        })\n\narchives = load_json('/opt/crypto-case/case/archives.json')\nfor arc in archives:\n    deps.append({\n        'surface': arc['surface'],\n        'consumer': arc['id'],\n        'effective_algorithms': sorted([arc['data_cipher'], arc['wrap_algorithm']]),\n        'materials': [arc['wrap_material']],\n        'evidence': [arc['evidence']]\n    })\n\nincidents = load_json('/opt/crypto-case/case/incident-evidence.json')\ncompromised = set()\nfor inc in incidents:\n    if inc['confidence'] == 'confirmed' and inc['type'] in ['material_export', 'unauthorized_signing_session']:\n        compromised.update(inc['materials'])\n\nmaterials = load_json('/opt/crypto-case/case/materials.json')\nretire = set()\nfor mat_id, mat in materials.items():\n    if mat.get('disposition') == 'retire_at_completion':\n        retire.add(mat_id)\n\nout = {\n    'findings': {\n        'compromised_material': sorted(list(compromised)),\n        'retire_material': sorted(list(retire))\n    },\n    'dependencies': deps\n}\nprint(json.dumps(out, indent=2))\nEOF\n"] min_timeout_sec: 0.1 max_timeout_sec: 180.0
Sending keys: ['python3 parse_deps.py > deps_out.json\n'] min_timeout_sec: 0.5 max_timeout_sec: 180.0
Sending keys: ['cat /opt/crypto-case/case/interruption-observations.jsonl\n'] min_timeout_sec: 0.5 max_timeout_sec: 180.0
Sending keys: ['cat deps_out.json\n'] min_timeout_sec: 0.1 max_timeout_sec: 180.0
Sending keys: ['cat /opt/crypto-case/docs/receipt-contract.md\n'] min_timeout_sec: 0.5 max_timeout_sec: 180.0
Trajectory dumped to /home/ubuntu/worktrees/def_tasks/tasksets/v3/incoming/codex/batch_9/006/.task-factory-runtime/jobs/codex_batch_9_006_qualification_r12_20260815_225832_004344/cryptographic_agility_pqc_migrat__BJuUBjG/agent/trajectory.json
Trajectory dumped to /home/ubuntu/worktrees/def_tasks/tasksets/v3/incoming/codex/batch_9/006/.task-factory-runtime/jobs/codex_batch_9_006_qualification_r12_20260815_225832_004344/cryptographic_agility_pqc_migrat__smwEXxf/agent/trajectory.json
Parser warnings: - Extra text detected before JSON object
- Extra text detected after JSON object
Sending keys: ['head -n 2 /opt/crypto-case/case/deployment-events.jsonl\n'] min_timeout_sec: 0.1 max_timeout_sec: 180.0
Sending keys: ["jq '.captured_at' /opt/crypto-case/case/estate.json\n"] min_timeout_sec: 0.1 max_timeout_sec: 180.0
Sending keys: ['head -n 2 /opt/crypto-case/case/tls-negotiations.jsonl\n'] min_timeout_sec: 0.1 max_timeout_sec: 180.0
Trajectory dumped to /home/ubuntu/worktrees/def_tasks/tasksets/v3/incoming/codex/batch_9/006/.task-factory-runtime/jobs/codex_batch_9_006_qualification_r12_20260815_225832_004344/cryptographic_agility_pqc_migrat__BJuUBjG/agent/trajectory.json
Parser warnings: - Extra text detected before JSON object
- Extra text detected after JSON object
Sending keys: ["cat << 'EOF' > /app/solve_deps.py\nimport json\n\ndef load_json(f): return json.load(open(f'/opt/crypto-case/case/{f}'))\ndef load_jsonl(f): return [json.loads(l) for l in open(f'/opt/crypto-case/case/{f}')]\n\nestate = load_json('estate.json')\nevents = load_jsonl('deployment-events.jsonl')\nmaterials = load_json('materials.json')['materials']\nincidents = load_json('incident-evidence.json')\narchives = load_json('archives.json')['archives']\n\ncaptured_at = estate['captured_at']\n\n# 1. Findings\ncompromised = [e['material'] for e in incidents['events'] if e['confidence'] == 'confirmed' and e['type'] in ('hsm_export_confirmed',)]\nretire = [m['id'] for m in materials if m.get('lifecycle', {}).get('disposition') == 'retire_at_completion']\n\n# 2. Dependencies\nbindings = {}\nfor ev in sorted(events, key=lambda x: x['time']): \n    if ev['time'] > captured_at: break\n    c, s = ev['consumer'], ev['subject']\n    if ev['event'] == 'bind':\n        bindings.setdefault(c, set()).add(s)\n    elif ev['event'] == 'unbind':\n        if c in bindings and s in bindings[c]:\n            bindings[c].remove(s)\n\nreq_consumers = {c['id']: c for c in estate['consumers'] if c['required']}\n\nobs = load_jsonl('tls-negotiations.jsonl') + load_jsonl('signature-verifications.jsonl') + load_jsonl('ssh-sessions.jsonl')\nobs = [o for o in obs if o.get('observed_at', '') <= captured_at and o.get('result') == 'success']\nobs.sort(key=lambda x: x['observed_at'], reverse=True)\n\ndeps = []\nfor c_id, c in req_consumers.items():\n    if c['surface'].startswith('archive'): continue\n    active_subjects = bindings.get(c_id, set())\n    c_obs = []\n    for s in active_subjects:\n        for o in obs:\n            if o['subject'] == s:\n                c_obs.append(o)\n                break\n    if c_obs:\n        eff_alg = set()\n        eff_mat = set()\n        ev_ids = set()\n        for o in c_obs:\n            eff_alg.update(o.get('algorithms', []))\n            eff_mat.update(o.get('materials', []))\n            ev_ids.add(o['id'])\n        deps.append({\n            'surface': c['surface'],\n            'consumer': c_id,\n            'effective_algorithms': sorted(list(eff_alg)),\n            'materials': sorted(list(eff_mat)),\n            'evidence': sorted(list(ev_ids))\n        })\n\nfor a in archives:\n    deps.append({\n        'surface': 'archive:compliance',\n        'consumer': a['id'],\n        'effective_algorithms': sorted([a['data_cipher'], a['wrap_algorithm']]),\n        'materials': sorted([a['wrap_material']]),\n        'evidence': sorted([a['evidence']])\n    })\n\nprint(json.dumps({'findings': {'compromised_material': compromised, 'retire_material': retire}, 'dependencies': deps}, indent=2))\nEOF\npython3 /app/solve_deps.py > /app/deps.json\ncat /app/deps.json\n"] min_timeout_sec: 1.0 max_timeout_sec: 180.0
Trajectory dumped to /home/ubuntu/worktrees/def_tasks/tasksets/v3/incoming/codex/batch_9/006/.task-factory-runtime/jobs/codex_batch_9_006_qualification_r12_20260815_225832_004344/cryptographic_agility_pqc_migrat__gHRoRz4/agent/trajectory.json
Parser warnings: - Extra text detected before JSON object
- Extra text detected after JSON object
Sending keys: ["sed -i 's/timestamp/time/g' parse_deps.py\n"] min_timeout_sec: 0.1 max_timeout_sec: 180.0
Sending keys: ['python3 parse_deps.py > deps_out.json\n'] min_timeout_sec: 0.5 max_timeout_sec: 180.0
Sending keys: ['cat deps_out.json\n'] min_timeout_sec: 0.1 max_timeout_sec: 180.0
Trajectory dumped to /home/ubuntu/worktrees/def_tasks/tasksets/v3/incoming/codex/batch_9/006/.task-factory-runtime/jobs/codex_batch_9_006_qualification_r12_20260815_225832_004344/cryptographic_agility_pqc_migrat__BJuUBjG/agent/trajectory.json
Parser warnings: - Extra text detected before JSON object
- Extra text detected after JSON object
Sending keys: ['cat /opt/crypto-case/case/archives.json | head -n 15\n'] min_timeout_sec: 0.1 max_timeout_sec: 180.0
Trajectory dumped to /home/ubuntu/worktrees/def_tasks/tasksets/v3/incoming/codex/batch_9/006/.task-factory-runtime/jobs/codex_batch_9_006_qualification_r12_20260815_225832_004344/cryptographic_agility_pqc_migrat__BJuUBjG/agent/trajectory.json
Parser warnings: - Extra text detected before JSON object
- Extra text detected after JSON object
Sending keys: ['cat << \'EOF\' > /app/explore.py\nimport json, hashlib, hmac\n\nbase = \'/opt/crypto-case/\'\ndef load(p): return json.load(open(base + p))\ndef loadl(p): return [json.loads(x) for x in open(base + p)]\n\nestate = load(\'case/estate.json\')\nmaterials = load(\'case/materials.json\')[\'materials\']\npolicy = load(\'case/policy-baseline.json\')\n\nfor m in materials:\n    if m.get(\'approved\') == \'final\':\n        role = m.get(\'role\')\n        if role in policy[\'global_constraints\'][\'counted_private_roles\']:\n            print(f"{m[\'id\']} - domain: {m.get(\'custody_domain\')} - role: {role} - surface: {m.get(\'surface\')} - algs: {m.get(\'algorithms\')}")\nEOF\npython3 /app/explore.py\n'] min_timeout_sec: 1.0 max_timeout_sec: 180.0
Sending keys: ['cat << \'EOF\' >> /app/explore.py\nprint(\'---\')\nfor m in materials:\n    if m.get(\'approved\') == \'final\' and m.get(\'role\') == \'trust_anchor\':\n        print(f"{m[\'id\']} - role: {m.get(\'role\')} - surface: {m.get(\'surface\')} - algs: {m.get(\'algorithms\')}")\nEOF\npython3 /app/explore.py\n'] min_timeout_sec: 1.0 max_timeout_sec: 180.0
Trajectory dumped to /home/ubuntu/worktrees/def_tasks/tasksets/v3/incoming/codex/batch_9/006/.task-factory-runtime/jobs/codex_batch_9_006_qualification_r12_20260815_225832_004344/cryptographic_agility_pqc_migrat__smwEXxf/agent/trajectory.json
Parser warnings: - Extra text detected before JSON object
- Extra text detected after JSON object
Sending keys: ["cat << 'EOF' > /app/inspect_details.py\nimport json\n\ndef load(f): return json.load(open(f'/opt/crypto-case/case/{f}'))\n\nmats = load('materials.json')['materials']\nprint('--- Materials ---')\nfor m in mats:\n    print(m['id'], ' disposition:', m.get('lifecycle', {}).get('disposition'), ' approved:', m.get('approval', {}).get('status'), ' role:', m.get('role'))\n    \ncompat = load('compatibility.json')\nprint('\\n--- Compatibility ---')\nfor pkg in compat['packages']:\n    print(pkg['id'], 'from:', pkg['from_version'], 'to:', pkg['to_version'])\n\nfix = load('execution-fixtures.json')\nprint('\\n--- Recovery Work Units ---')\nprint(fix['recovery_action_work_units'])\nprint('\\n--- Interruption Cutoff ---')\nprint(fix['interruption_capture_cutoff'])\nEOF\n"] min_timeout_sec: 0.2 max_timeout_sec: 180.0
Parser warnings: - Extra text detected before JSON object
- Extra text detected after JSON object
Sending keys: ['sed -i "s/for arc in archives:/for arc in archives[\'archives\']:/g" parse_deps.py\n'] min_timeout_sec: 0.1 max_timeout_sec: 180.0
Sending keys: ['python3 /app/inspect_details.py\n'] min_timeout_sec: 0.5 max_timeout_sec: 180.0
Sending keys: ['python3 parse_deps.py > deps_out.json\n'] min_timeout_sec: 0.5 max_timeout_sec: 180.0
Sending keys: ['cat deps_out.json\n'] min_timeout_sec: 0.1 max_timeout_sec: 180.0
Trajectory dumped to /home/ubuntu/worktrees/def_tasks/tasksets/v3/incoming/codex/batch_9/006/.task-factory-runtime/jobs/codex_batch_9_006_qualification_r12_20260815_225832_004344/cryptographic_agility_pqc_migrat__gHRoRz4/agent/trajectory.json
Trajectory dumped to /home/ubuntu/worktrees/def_tasks/tasksets/v3/incoming/codex/batch_9/006/.task-factory-runtime/jobs/codex_batch_9_006_qualification_r12_20260815_225832_004344/cryptographic_agility_pqc_migrat__BJuUBjG/agent/trajectory.json
Parser warnings: - Extra text detected before JSON object
- Extra text detected after JSON object
Sending keys: ['cat /opt/crypto-case/case/incident-evidence.json | head -n 15\n'] min_timeout_sec: 0.1 max_timeout_sec: 180.0
Trajectory dumped to /home/ubuntu/worktrees/def_tasks/tasksets/v3/incoming/codex/batch_9/006/.task-factory-runtime/jobs/codex_batch_9_006_qualification_r12_20260815_225832_004344/cryptographic_agility_pqc_migrat__BJuUBjG/agent/trajectory.json
Parser warnings: - Extra text detected before JSON object
- Extra text detected after JSON object
Sending keys: ['python3 -c "import json; mats=json.load(open(\'/opt/crypto-case/case/materials.json\'))[\'materials\']; print(\'MAT KEYS:\', mats[0].keys()); comp=json.load(open(\'/opt/crypto-case/case/compatibility.json\'))[\'packages\']; print(\'COMP KEYS:\', comp[0].keys())"\n'] min_timeout_sec: 0.5 max_timeout_sec: 180.0
Trajectory dumped to /home/ubuntu/worktrees/def_tasks/tasksets/v3/incoming/codex/batch_9/006/.task-factory-runtime/jobs/codex_batch_9_006_qualification_r12_20260815_225832_004344/cryptographic_agility_pqc_migrat__gHRoRz4/agent/trajectory.json
Parser warnings: - Extra text detected before JSON object
- Extra text detected after JSON object
Sending keys: ['cat /opt/crypto-case/case/incident-evidence.json\n'] min_timeout_sec: 0.1 max_timeout_sec: 180.0
Trajectory dumped to /home/ubuntu/worktrees/def_tasks/tasksets/v3/incoming/codex/batch_9/006/.task-factory-runtime/jobs/codex_batch_9_006_qualification_r12_20260815_225832_004344/cryptographic_agility_pqc_migrat__BJuUBjG/agent/trajectory.json
Parser warnings: - Extra text detected before JSON object
- Extra text detected after JSON object
Sending keys: ["cat << 'EOF' > /app/dump_mats_compat.py\nimport json\nmats = json.load(open('/opt/crypto-case/case/materials.json'))['materials']\nfor m in mats:\n    print(m['id'], m.get('approved'), m.get('disposition'), m.get('source'), m.get('metadata', {}), m.get('custody_domain'))\n\ncomp = json.load(open('/opt/crypto-case/case/compatibility.json'))['packages']\nprint('--- Packages ---')\nfor p in comp:\n    print(p['id'], p['from'], p.get('approved'))\nEOF\n"] min_timeout_sec: 0.2 max_timeout_sec: 180.0
Sending keys: ['python3 /app/dump_mats_compat.py\n'] min_timeout_sec: 0.5 max_timeout_sec: 180.0
Trajectory dumped to /home/ubuntu/worktrees/def_tasks/tasksets/v3/incoming/codex/batch_9/006/.task-factory-runtime/jobs/codex_batch_9_006_qualification_r12_20260815_225832_004344/cryptographic_agility_pqc_migrat__gHRoRz4/agent/trajectory.json
Parser warnings: - Extra text detected before JSON object
- Extra text detected after JSON object
Sending keys: ["cat << 'EOF' > /app/dump_all.py\nimport json\n\nmats = json.load(open('/opt/crypto-case/case/materials.json'))['materials']\nfor m in mats:\n    print(json.dumps(m))\n\nprint('--- Packages ---')\ncomp = json.load(open('/opt/crypto-case/case/compatibility.json'))['packages']\nfor p in comp:\n    print(json.dumps(p))\nEOF\n"] min_timeout_sec: 0.2 max_timeout_sec: 180.0
Sending keys: ['python3 /app/dump_all.py > /app/all_details.txt\n'] min_timeout_sec: 0.5 max_timeout_sec: 180.0
Sending keys: ['cat /app/all_details.txt\n'] min_timeout_sec: 0.5 max_timeout_sec: 180.0
Parser warnings: - Extra text detected before JSON object
- Extra text detected after JSON object
Sending keys: ["cat << 'EOF' > /app/build_plan.py\nimport json, hashlib, hmac\nbase = '/opt/crypto-case/'\ndef load(p): return json.load(open(base + p))\ndef loadl(p): return [json.loads(x) for x in open(base + p)]\n\nestate = load('case/estate.json')\nmaterials = load('case/materials.json')['materials']\npolicy = load('case/policy-baseline.json')\nevents = loadl('case/deployment-events.jsonl')\n\n# Compromised and retire materials\ncompromised = ['sign-release-rsa']\nretire = [m['id'] for m in materials if m.get('disposition') == 'retire_at_completion']\n\n# Dependencies\ndeps = []\nbound_subjects = {}\nfor e in events:\n    if e['time'] <= estate['captured_at']:\n        if e['event'] == 'bind':\n            bound_subjects[e['subject']] = e['consumer']\n        elif e['event'] == 'unbind':\n            if e['subject'] in bound_subjects:\n                del bound_subjects[e['subject']]\n\ntls_obs = loadl('case/tls-negotiations.jsonl')\nsign_obs = loadl('case/signature-verifications.jsonl')\nssh_obs = loadl('case/ssh-sessions.jsonl')\n\nlatest_obs = {}\nfor obs in tls_obs + sign_obs + ssh_obs:\n    if obs.get('result') == 'success' and obs['observed_at'] <= estate['captured_at']:\n        subj = obs['subject']\n        if subj in bound_subjects:\n            if subj not in latest_obs or obs['observed_at'] > latest_obs[subj]['observed_at']:\n                latest_obs[subj] = obs\n\nconsumer_deps = {}\nfor subj, obs in latest_obs.items():\n    cons = bound_subjects[subj]\n    if cons not in consumer_deps:\n        consumer_deps[cons] = {'surface': obs['surface'], 'consumer': cons, 'effective_algorithms': set(), 'materials': set(), 'evidence': set()}\n    consumer_deps[cons]['effective_algorithms'].update(obs['algorithms'])\n    consumer_deps[cons]['materials'].update(obs.get('materials', []))\n    consumer_deps[cons]['evidence'].add(obs['id'])\n\nfor v in consumer_deps.values():\n    deps.append({\n        'surface': v['surface'],\n        'consumer': v['consumer'],\n        'effective_algorithms': sorted(list(v['effective_algorithms'])),\n        'materials': sorted(list(v['materials'])),\n        'evidence': sorted(list(v['evidence']))\n    })\n\narchives = load('case/archives.json')['archives']\nfor a in archives:\n    deps.append({\n        'surface': a['surface'],\n        'consumer': a['id'],\n        'effective_algorithms': sorted([a['data_cipher'], a['wrap_algorithm']]),\n        'materials': [a['wrap_material']],\n        'evidence': [a['evidence']]\n    })\n\nfinal_policies = {\n    'tls:telemetry-api': {\n        'minimum_protocol': policy['surfaces']['tls:telemetry-api']['minimum_protocol'],\n        'allowed_kex': policy['surfaces']['tls:telemetry-api']['required_kex'],\n        'allowed_server_credentials': ['tls-api-2027'],\n        'trusted_roots': ['tls-root-2027'],\n        'reject_downgrade': policy['surfaces']['tls:telemetry-api']['reject_downgrade']\n    },\n    'signing:device-update': {\n        'required_signers': ['sign-release-ed', 'sign-release-pq'],\n        'allowed_algorithms': policy['surfaces']['signing:device-update']['allowed_signature_algorithms'],\n        'threshold': policy['surfaces']['signing:device-update']['threshold'],\n        'context': policy['surfaces']['signing:device-update']['signing_context'],\n        'reject_revoked': policy['surfaces']['signing:device-update']['reject_revoked']\n    },\n    'ssh:ops-bastion': {\n        'allowed_host_algorithms': policy['surfaces']['ssh:ops-bastion']['allowed_host_key_algorithms'],\n        'allowed_user_ca_algorithms': policy['surfaces']['ssh:ops-bastion']['allowed_user_ca_algorithms'],\n        'allowed_host_keys': ['ssh-host-ed25519-c'],\n        'trusted_user_cas': ['ssh-user-ca-ed'],\n        'reject_sha1': policy['surfaces']['ssh:ops-bastion']['reject_sha1'],\n        'strict_host_identity': policy['surfaces']['ssh:ops-bastion']['strict_host_identity']\n    },\n    'archive:compliance': {\n        'data_cipher': policy['surfaces']['archive:compliance']['data_cipher'],\n        'wrap_algorithm': policy['surfaces']['archive:compliance']['wrap_algorithm'],\n        'allowed_wrapping_keys': ['archive-wrap-hybrid-c'],\n        'require_aead': policy['surfaces']['archive:compliance']['require_aead'],\n        'require_hybrid_wrap': policy['surfaces']['archive:compliance']['require_hybrid_wrap']\n    }\n}\n\n# Output intermediate to check\nopen('/app/submission/migration-plan.json', 'w').write(json.dumps({\n    'format_version': 1,\n    'case_id': estate['case_id'],\n    'findings': {'compromised_material': compromised, 'retire_material': sorted(retire)},\n    'dependencies': deps,\n    'final_policies': final_policies,\n    'actions': []\n}, indent=2))\nEOF\npython3 /app/build_plan.py\n"] min_timeout_sec: 1.0 max_timeout_sec: 180.0
Parser warnings: - Extra text detected before JSON object
- Extra text detected after JSON object
Sending keys: ["cat << 'EOF' > parse_deps.py\nimport json\n\ndef load_json(p): \n    with open(p) as f: return json.load(f)\ndef load_jsonl(p):\n    with open(p) as f: return [json.loads(l) for l in f if l.strip()]\n\nestate = load_json('/opt/crypto-case/case/estate.json')\ncaptured_at = estate['captured_at']\n\nevents = load_jsonl('/opt/crypto-case/case/deployment-events.jsonl')\nevents.sort(key=lambda x: x['time'])\n\nactive_subjects = {}\nfor ev in events:\n    if ev['time'] > captured_at: continue\n    subj = ev['subject']\n    cons = ev['consumer']\n    if ev['event'] == 'bind':\n        active_subjects.setdefault(cons, set()).add(subj)\n    elif ev['event'] == 'unbind':\n        if cons in active_subjects and subj in active_subjects[cons]:\n            active_subjects[cons].remove(subj)\n\nobs = []\nobs.extend(load_jsonl('/opt/crypto-case/case/tls-negotiations.jsonl'))\nobs.extend(load_jsonl('/opt/crypto-case/case/signature-verifications.jsonl'))\nobs.extend(load_jsonl('/opt/crypto-case/case/ssh-sessions.jsonl'))\n\nvalid_obs = [o for o in obs if o['result'] == 'success' and o['observed_at'] <= captured_at]\nvalid_obs.sort(key=lambda x: x['observed_at'], reverse=True)\n\ndeps = []\nfor cons_info in estate['consumers']:\n    cons_id = cons_info['id']\n    surface = cons_info['surface']\n    if not cons_info.get('required'): continue\n    if surface.startswith('archive:'): continue\n    \n    subjects = active_subjects.get(cons_id, set())\n    cons_algs = set()\n    cons_mats = set()\n    cons_ev = set()\n    \n    for subj in subjects:\n        for o in valid_obs:\n            if o['surface'] == surface and o['subject'] == subj:\n                cons_algs.update(o['algorithms'])\n                cons_mats.update(o.get('materials', []))\n                cons_ev.add(o['id'])\n                break\n                \n    if cons_ev:\n        deps.append({\n            'surface': surface,\n            'consumer': cons_id,\n            'effective_algorithms': sorted(list(cons_algs)),\n            'materials': sorted(list(cons_mats)),\n            'evidence': sorted(list(cons_ev))\n        })\n\narchives = load_json('/opt/crypto-case/case/archives.json')\nfor arc in archives.get('archives', []):\n    deps.append({\n        'surface': arc['surface'],\n        'consumer': arc['id'],\n        'effective_algorithms': sorted([arc['data_cipher'], arc['wrap_algorithm']]),\n        'materials': [arc['wrap_material']],\n        'evidence': [arc['evidence']]\n    })\n\nincidents = load_json('/opt/crypto-case/case/incident-evidence.json')\ncompromised = set()\nfor inc in incidents.get('events', []):\n    if inc.get('confidence') == 'confirmed':\n        compromised.add(inc['material'])\n\nmaterials = load_json('/opt/crypto-case/case/materials.json')\nretire = set()\nfor mat_id, mat in materials.items():\n    if mat.get('disposition') == 'retire_at_completion':\n        retire.add(mat_id)\n\nout = {\n    'findings': {\n        'compromised_material': sorted(list(compromised)),\n        'retire_material': sorted(list(retire))\n    },\n    'dependencies': deps\n}\nprint(json.dumps(out, indent=2))\nEOF\n"] min_timeout_sec: 0.1 max_timeout_sec: 180.0
Sending keys: ['python3 parse_deps.py > deps_out.json\n'] min_timeout_sec: 0.5 max_timeout_sec: 180.0
Trajectory dumped to /home/ubuntu/worktrees/def_tasks/tasksets/v3/incoming/codex/batch_9/006/.task-factory-runtime/jobs/codex_batch_9_006_qualification_r12_20260815_225832_004344/cryptographic_agility_pqc_migrat__gHRoRz4/agent/trajectory.json
Sending keys: ['agilityctl lint /app/submission/migration-plan.json\n'] min_timeout_sec: 1.0 max_timeout_sec: 180.0
Sending keys: ['cat deps_out.json\n'] min_timeout_sec: 0.1 max_timeout_sec: 180.0
Trajectory dumped to /home/ubuntu/worktrees/def_tasks/tasksets/v3/incoming/codex/batch_9/006/.task-factory-runtime/jobs/codex_batch_9_006_qualification_r12_20260815_225832_004344/cryptographic_agility_pqc_migrat__BJuUBjG/agent/trajectory.json
Trajectory dumped to /home/ubuntu/worktrees/def_tasks/tasksets/v3/incoming/codex/batch_9/006/.task-factory-runtime/jobs/codex_batch_9_006_qualification_r12_20260815_225832_004344/cryptographic_agility_pqc_migrat__smwEXxf/agent/trajectory.json
Parser warnings: - Extra text detected before JSON object
- Extra text detected after JSON object
Sending keys: ['cat /opt/crypto-case/case/materials.json | head -n 15\n'] min_timeout_sec: 0.1 max_timeout_sec: 180.0
Trajectory dumped to /home/ubuntu/worktrees/def_tasks/tasksets/v3/incoming/codex/batch_9/006/.task-factory-runtime/jobs/codex_batch_9_006_qualification_r12_20260815_225832_004344/cryptographic_agility_pqc_migrat__BJuUBjG/agent/trajectory.json
Parser warnings: - Extra text detected before JSON object
- Extra text detected after JSON object
Sending keys: ['cat << \'EOF\' > /app/explore2.py\nimport json\nbase = \'/opt/crypto-case/\'\ncompat = json.load(open(base + \'case/compatibility.json\'))\nestate = json.load(open(base + \'case/estate.json\'))\nprint("Consumers and target versions:")\nfor c in estate[\'consumers\']:\n    print(f"{c[\'id\']} - current version: {c[\'version\']}")\nprint("\\nVersions capabilities:")\nfor v in compat[\'versions\']:\n    print(f"{v[\'id\']}: {list(v[\'capabilities\'].keys())} -> {v[\'capabilities\']}")\nprint("\\nPackages:")\nfor p in compat[\'packages\']:\n    print(f"{p[\'id\']}: {p[\'from\']} -> {p[\'to\']}")\nEOF\npython3 /app/explore2.py\n'] min_timeout_sec: 1.0 max_timeout_sec: 180.0
Trajectory dumped to /home/ubuntu/worktrees/def_tasks/tasksets/v3/incoming/codex/batch_9/006/.task-factory-runtime/jobs/codex_batch_9_006_qualification_r12_20260815_225832_004344/cryptographic_agility_pqc_migrat__smwEXxf/agent/trajectory.json
Parser warnings: - Extra text detected before JSON object
- Extra text detected after JSON object
Sending keys: ['sed -i "s/for mat_id, mat in materials.items():/for mat in materials.get(\'materials\', []):/g" parse_deps.py\n'] min_timeout_sec: 0.1 max_timeout_sec: 180.0
Sending keys: ['sed -i "s/retire.add(mat_id)/retire.add(mat[\'id\'])/g" parse_deps.py\n'] min_timeout_sec: 0.1 max_timeout_sec: 180.0
Sending keys: ['python3 parse_deps.py > deps_out.json\n'] min_timeout_sec: 0.5 max_timeout_sec: 180.0
Parser warnings: - Extra text detected before JSON object
- Extra text detected after JSON object
Sending keys: ['cat << \'EOF\' > /app/explore2.py\nimport json\nbase = \'/opt/crypto-case/\'\ncompat = json.load(open(base + \'case/compatibility.json\'))\nestate = json.load(open(base + \'case/estate.json\'))\nprint("Versions capabilities:")\nfor k, v in compat[\'versions\'].items():\n    print(f"{k}: {v[\'capabilities\']}")\nEOF\npython3 /app/explore2.py\n'] min_timeout_sec: 1.0 max_timeout_sec: 180.0
Sending keys: ['cat deps_out.json\n'] min_timeout_sec: 0.1 max_timeout_sec: 180.0
Sending keys: ['cat /opt/crypto-case/case/policy-baseline.json\n'] min_timeout_sec: 0.1 max_timeout_sec: 180.0
Trajectory dumped to /home/ubuntu/worktrees/def_tasks/tasksets/v3/incoming/codex/batch_9/006/.task-factory-runtime/jobs/codex_batch_9_006_qualification_r12_20260815_225832_004344/cryptographic_agility_pqc_migrat__BJuUBjG/agent/trajectory.json
Trajectory dumped to /home/ubuntu/worktrees/def_tasks/tasksets/v3/incoming/codex/batch_9/006/.task-factory-runtime/jobs/codex_batch_9_006_qualification_r12_20260815_225832_004344/cryptographic_agility_pqc_migrat__smwEXxf/agent/trajectory.json
Parser warnings: - Extra text detected before JSON object
- Extra text detected after JSON object
Sending keys: ["cat << 'EOF' > /app/dump_more.py\nimport json\n\ncomp = json.load(open('/opt/crypto-case/case/compatibility.json'))\nprint('--- Versions ---')\nfor v, caps in comp.get('versions', {}).items():\n    print(v, caps)\n\nfix = json.load(open('/opt/crypto-case/case/execution-fixtures.json'))\nprint('\\n--- Fix Keys ---', list(fix.keys()))\nprint('Fault points:', fix.get('fault_points'))\nprint('Archive objects keys:', list(fix.get('archive_objects', {}).keys()))\nprint('First archive object:', next(iter(fix.get('archive_objects', {}).values())) if fix.get('archive_objects') else None)\nprint('Upgrade states keys (first few):', list(fix.get('upgrade_states', {}).keys())[:3])\nEOF\n"] min_timeout_sec: 0.2 max_timeout_sec: 180.0
Sending keys: ['python3 /app/dump_more.py\n'] min_timeout_sec: 0.5 max_timeout_sec: 180.0
Trajectory dumped to /home/ubuntu/worktrees/def_tasks/tasksets/v3/incoming/codex/batch_9/006/.task-factory-runtime/jobs/codex_batch_9_006_qualification_r12_20260815_225832_004344/cryptographic_agility_pqc_migrat__gHRoRz4/agent/trajectory.json
Parser warnings: - Extra text detected before JSON object
- Extra text detected after JSON object
Sending keys: ['cat /opt/crypto-case/case/compatibility.json | jq .\n'] min_timeout_sec: 1.0 max_timeout_sec: 180.0
Trajectory dumped to /home/ubuntu/worktrees/def_tasks/tasksets/v3/incoming/codex/batch_9/006/.task-factory-runtime/jobs/codex_batch_9_006_qualification_r12_20260815_225832_004344/cryptographic_agility_pqc_migrat__smwEXxf/agent/trajectory.json
Parser warnings: - Extra text detected before JSON object
- Extra text detected after JSON object
Sending keys: ["cat << 'EOF' > build_plan.py\nimport json\n\ndeps = json.load(open('deps_out.json'))\nestate = json.load(open('/opt/crypto-case/case/estate.json'))\n\nplan = {\n    'format_version': 1,\n    'case_id': estate['case_id'],\n    'findings': deps['findings'],\n    'dependencies': deps['dependencies'],\n    'final_policies': {\n        'tls:telemetry-api': {},\n        'signing:device-update': {},\n        'ssh:ops-bastion': {},\n        'archive:compliance': {}\n    },\n    'actions': []\n}\n\nwith open('/app/submission/migration-plan.json', 'w') as f:\n    json.dump(plan, f, indent=2)\nEOF\n"] min_timeout_sec: 0.1 max_timeout_sec: 180.0
Sending keys: ['python3 build_plan.py\n'] min_timeout_sec: 0.5 max_timeout_sec: 180.0
Parser warnings: - Extra text detected before JSON object
- Extra text detected after JSON object
Sending keys: ['cat << \'EOF\' > /app/explore3.py\nimport json\nbase = \'/opt/crypto-case/\'\ncompat = json.load(open(base + \'case/compatibility.json\'))\nfor k, v in compat[\'versions\'].items():\n    print(f"{k}: {v}")\nEOF\npython3 /app/explore3.py\n'] min_timeout_sec: 0.5 max_timeout_sec: 180.0
Sending keys: ['agilityctl lint /app/submission/migration-plan.json\n'] min_timeout_sec: 1.0 max_timeout_sec: 180.0
Sending keys: ['cat /opt/crypto-case/case/execution-fixtures.json | jq .\n'] min_timeout_sec: 1.0 max_timeout_sec: 180.0
Trajectory dumped to /home/ubuntu/worktrees/def_tasks/tasksets/v3/incoming/codex/batch_9/006/.task-factory-runtime/jobs/codex_batch_9_006_qualification_r12_20260815_225832_004344/cryptographic_agility_pqc_migrat__BJuUBjG/agent/trajectory.json
Trajectory dumped to /home/ubuntu/worktrees/def_tasks/tasksets/v3/incoming/codex/batch_9/006/.task-factory-runtime/jobs/codex_batch_9_006_qualification_r12_20260815_225832_004344/cryptographic_agility_pqc_migrat__smwEXxf/agent/trajectory.json
Parser warnings: - Extra text detected before JSON object
- Extra text detected after JSON object
Sending keys: ['cat << \'EOF\' > list_mats.py\nimport json\n\nmats = json.load(open(\'/opt/crypto-case/case/materials.json\'))\nfor mat in mats.get(\'materials\', []):\n    print(f"ID: {mat[\'id\']}")\n    print(f"  Surface: {mat.get(\'surface\')}")\n    print(f"  Role: {mat.get(\'role\')}")\n    print(f"  Approved: {mat.get(\'approved\')}")\n    print(f"  Algs: {mat.get(\'algorithms\')}")\n    print(f"  Identity/Context: {mat.get(\'identity\') or mat.get(\'signing_context\')}")\n    if \'custody_domain\' in mat:\n        print(f"  Custody Domain: {mat[\'custody_domain\']}")\nEOF\n'] min_timeout_sec: 0.1 max_timeout_sec: 180.0
Sending keys: ['python3 list_mats.py\n'] min_timeout_sec: 0.5 max_timeout_sec: 180.0
Trajectory dumped to /home/ubuntu/worktrees/def_tasks/tasksets/v3/incoming/codex/batch_9/006/.task-factory-runtime/jobs/codex_batch_9_006_qualification_r12_20260815_225832_004344/cryptographic_agility_pqc_migrat__BJuUBjG/agent/trajectory.json
Parser warnings: - Extra text detected before JSON object
- Extra text detected after JSON object
Sending keys: ['cat /opt/crypto-case/case/policy-baseline.json\n'] min_timeout_sec: 0.1 max_timeout_sec: 180.0
Sending keys: ['cat /opt/crypto-case/case/compatibility.json\n'] min_timeout_sec: 0.1 max_timeout_sec: 180.0
Sending keys: ['cat << \'EOF\' > summarize_mats.py\nimport json\nmats = json.load(open(\'/opt/crypto-case/case/materials.json\'))[\'materials\']\nfor mat in mats:\n    if mat.get(\'approved\') in [\'final\', \'transition_only\']:\n        print(f"{mat[\'surface\']} | {mat[\'role\']} | {mat[\'id\']} | {mat.get(\'approved\')} | {mat.get(\'algorithms\')} | Dom: {mat.get(\'custody_domain\')}")\nEOF\n'] min_timeout_sec: 0.1 max_timeout_sec: 180.0
Sending keys: ['python3 summarize_mats.py > mats_summary.txt\n'] min_timeout_sec: 0.5 max_timeout_sec: 180.0
Sending keys: ['cat mats_summary.txt\n'] min_timeout_sec: 0.1 max_timeout_sec: 180.0
Trajectory dumped to /home/ubuntu/worktrees/def_tasks/tasksets/v3/incoming/codex/batch_9/006/.task-factory-runtime/jobs/codex_batch_9_006_qualification_r12_20260815_225832_004344/cryptographic_agility_pqc_migrat__BJuUBjG/agent/trajectory.json
Parser warnings: - Extra text detected before JSON object
- Extra text detected after JSON object
Sending keys: ['cat /opt/crypto-case/case/policy-baseline.json | grep -v \'"\' | wc -l\n'] min_timeout_sec: 0.1 max_timeout_sec: 180.0
Sending keys: ['cat /opt/crypto-case/case/policy-baseline.json\n'] min_timeout_sec: 0.1 max_timeout_sec: 180.0
Sending keys: ['cat /opt/crypto-case/case/compatibility.json\n'] min_timeout_sec: 0.1 max_timeout_sec: 180.0
Trajectory dumped to /home/ubuntu/worktrees/def_tasks/tasksets/v3/incoming/codex/batch_9/006/.task-factory-runtime/jobs/codex_batch_9_006_qualification_r12_20260815_225832_004344/cryptographic_agility_pqc_migrat__BJuUBjG/agent/trajectory.json
Parser warnings: - Extra text detected before JSON object
- Extra text detected after JSON object
Sending keys: ["cat << 'EOF' > /app/plan_generator.py\nimport json, hashlib, hmac\nbase = '/opt/crypto-case/'\ndef load(p): return json.load(open(base + p))\ndef loadl(p): return [json.loads(x) for x in open(base + p)]\n\nestate = load('case/estate.json')\nmaterials_data = load('case/materials.json')['materials']\npolicy = load('case/policy-baseline.json')\nevents = loadl('case/deployment-events.jsonl')\ncompat = load('case/compatibility.json')\narchives = load('case/archives.json')['archives']\nfixtures = load('case/execution-fixtures.json')\ninterruptions = loadl('case/interruption-observations.jsonl')\n\nmaterials = {m['id']: m for m in materials_data}\n\n# --- 1. Findings and dependencies ---\ncompromised = ['sign-release-rsa']\nretire = sorted([m['id'] for m in materials_data if m.get('disposition') == 'retire_at_completion'])\n\nbound_subjects = {}\nfor e in events:\n    if e['time'] <= estate['captured_at']:\n        if e['event'] == 'bind': bound_subjects[e['subject']] = e['consumer']\n        elif e['event'] == 'unbind':\n            if e['subject'] in bound_subjects: del bound_subjects[e['subject']]\n\ntls_obs = loadl('case/tls-negotiations.jsonl')\nsign_obs = loadl('case/signature-verifications.jsonl')\nssh_obs = loadl('case/ssh-sessions.jsonl')\n\nlatest_obs = {}\nfor obs in tls_obs + sign_obs + ssh_obs:\n    if obs.get('result') == 'success' and obs['observed_at'] <= estate['captured_at']:\n        subj = obs['subject']\n        if subj in bound_subjects:\n            if subj not in latest_obs or obs['observed_at'] > latest_obs[subj]['observed_at']:\n                latest_obs[subj] = obs\n\nconsumer_deps = {}\nfor subj, obs in latest_obs.items():\n    cons = bound_subjects[subj]\n    if cons not in consumer_deps:\n        consumer_deps[cons] = {'surface': obs['surface'], 'consumer': cons, 'effective_algorithms': set(), 'materials': set(), 'evidence': set()}\n    consumer_deps[cons]['effective_algorithms'].update(obs['algorithms'])\n    consumer_deps[cons]['materials'].update(obs.get('materials', []))\n    consumer_deps[cons]['evidence'].add(obs['id'])\n\ndeps = []\nfor v in consumer_deps.values():\n    deps.append({\n        'surface': v['surface'], 'consumer': v['consumer'],\n        'effective_algorithms': sorted(list(v['effective_algorithms'])),\n        'materials': sorted(list(v['materials'])),\n        'evidence': sorted(list(v['evidence']))\n    })\nfor a in archives:\n    deps.append({\n        'surface': a['surface'], 'consumer': a['id'],\n        'effective_algorithms': sorted([a['data_cipher'], a['wrap_algorithm']]),\n        'materials': [a['wrap_material']], 'evidence': [a['evidence']]\n    })\n\nfinal_policies = {\n    'tls:telemetry-api': {\n        'minimum_protocol': policy['surfaces']['tls:telemetry-api']['minimum_protocol'],\n        'allowed_kex': policy['surfaces']['tls:telemetry-api']['required_kex'],\n        'allowed_server_credentials': ['tls-api-2027'],\n        'trusted_roots': ['tls-root-2027'],\n        'reject_downgrade': policy['surfaces']['tls:telemetry-api']['reject_downgrade']\n    },\n    'signing:device-update': {\n        'required_signers': ['sign-release-ed', 'sign-release-pq'],\n        'allowed_algorithms': policy['surfaces']['signing:device-update']['allowed_signature_algorithms'],\n        'threshold': policy['surfaces']['signing:device-update']['threshold'],\n        'context': policy['surfaces']['signing:device-update']['signing_context'],\n        'reject_revoked': policy['surfaces']['signing:device-update']['reject_revoked']\n    },\n    'ssh:ops-bastion': {\n        'allowed_host_algorithms': policy['surfaces']['ssh:ops-bastion']['allowed_host_key_algorithms'],\n        'allowed_user_ca_algorithms': policy['surfaces']['ssh:ops-bastion']['allowed_user_ca_algorithms'],\n        'allowed_host_keys': ['ssh-host-ed25519-c'],\n        'trusted_user_cas': ['ssh-user-ca-ed'],\n        'reject_sha1': policy['surfaces']['ssh:ops-bastion']['reject_sha1'],\n        'strict_host_identity': policy['surfaces']['ssh:ops-bastion']['strict_host_identity']\n    },\n    'archive:compliance': {\n        'data_cipher': policy['surfaces']['archive:compliance']['data_cipher'],\n        'wrap_algorithm': policy['surfaces']['archive:compliance']['wrap_algorithm'],\n        'allowed_wrapping_keys': ['archive-wrap-hybrid-c'],\n        'require_aead': policy['surfaces']['archive:compliance']['require_aead'],\n        'require_hybrid_wrap': policy['surfaces']['archive:compliance']['require_hybrid_wrap']\n    }\n}\nEOF\n"] min_timeout_sec: 0.5 max_timeout_sec: 180.0
Sending keys: ["cat << 'EOF' >> /app/plan_generator.py\n# Setup actions\nactions = []\nact_id = 1\ndef add_action(a): global act_id; a['id'] = f'act-{act_id:04d}'; act_id += 1; actions.append(a)\n\nadd_action({'action': 'contain_compromise', 'material': 'sign-release-rsa'})\n\nstage_mats = ['tls-root-2027', 'tls-api-2027', 'sign-release-ed', 'sign-release-pq', 'ssh-host-ed25519-c', 'ssh-user-ca-ed', 'archive-wrap-hybrid-c']\nfor m in stage_mats: add_action({'action': 'stage_material', 'material': m})\n\n# Calculate upgrades\nupgrades = {\n    'tls-field-north': ('upgrade-gw-north-6.2', 'gw-6.2'),\n    'tls-batch-export': ('upgrade-export-3.0', 'export-3.0'),\n    'sign-plant-alpha': ('upgrade-boot-v3', 'boot-v3'),\n    'ssh-oncall': ('upgrade-ssh-9.6', 'ssh-9.6'),\n    'archive-recovery': ('upgrade-restore-2.0', 'restore-2.0')\n}\n\npackages = {p['id']: p for p in compat['packages']}\nconsumers = {c['id']: c for c in estate['consumers']}\nstate_seeds = {u['consumer']: u['state_seed_hex'] for u in fixtures['upgrade_states']}\n\ndef utf8(s): return s.encode('utf-8')\ndef b_nul(): return b'\\x00'\n\ndef diag_state(st, cons_allow_reimage):\n    w = st.get('write_phase')\n    j = st.get('journal_integrity')\n    n = st.get('new_image_integrity')\n    r = st.get('resume_token')\n    b = st.get('rollback_snapshot')\n    i = st.get('image_cache')\n    if w == 'not_started': return 'retry_same_image'\n    if w == 'complete_uncommitted' and j == 'valid' and n == 'verified' and r == 'valid': return 'resume_commit'\n    if b == 'verified': return 'rollback_then_retry'\n    if i == 'verified' and cons_allow_reimage: return 'reimage_then_retry'\n    return None\n\nfor cons_id, (pkg_id, target_ver) in upgrades.items():\n    pkg = packages[pkg_id]\n    cons = consumers[cons_id]\n    \n    for ring in ['canary', 'fleet']:\n        batch = {'max_per_failure_domain': cons['rollout']['canary_max_per_failure_domain'] if ring == 'canary' else cons['availability']['max_per_failure_domain'],\n                 'max_total': cons['rollout']['canary_max_per_failure_domain'] * len(cons['rollout']['failure_domains']) if ring == 'canary' else cons['availability']['max_total_offline']}\n        \n        add_action({'action': 'upgrade_consumer', 'consumer': cons_id, 'ring': ring, 'package': pkg_id, 'batch': batch, 'on_interrupt': cons['rollout']['on_interrupt']})\n        \n        # Upgrade gate and receipts\n        seed = state_seeds[cons_id]\n        ctx = utf8(cons_id) + b_nul() + utf8(ring) + b_nul() + utf8(pkg_id) + b_nul() + utf8(target_ver) + b_nul() + utf8(pkg['image_digest'])\n        base_key = hashlib.sha256(bytes.fromhex(seed) + ctx).digest()\n        \n        if ring == 'canary': parent = hashlib.sha256(utf8('captured-v2') + b_nul() + bytes.fromhex(seed)).hexdigest()\n        else: parent = canary_parent\n        \n        steps = []\n        for fp in fixtures['fault_points']:\n            # find observation\n            cands = [o for o in interruptions if o['consumer'] == cons_id and o['ring'] == ring and o['package'] == pkg_id and o['fault_point'] == fp and o['result'] == 'captured' and o['observed_at'] <= fixtures['interruption_capture_cutoff']]\n            if not cands: continue\n            sel = sorted(cands, key=lambda x: (x['observed_at'], x['id']))[-1]\n            \n            dec = diag_state(sel['state'], cons.get('rollout', {}).get('reimage_allowed', False))\n            work = fixtures['recovery_action_work_units'][dec]\n            \n            msg = utf8('recover-v2') + b_nul() + bytes.fromhex(parent) + b_nul() + utf8(fp) + b_nul() + utf8(sel['id']) + b_nul() + bytes.fromhex(sel['state_digest']) + b_nul() + utf8(dec) + b_nul() + utf8(str(work))\n            r = hmac.new(base_key, msg, hashlib.sha256).hexdigest()\n            parent = r\n            steps.append({'fault_point': fp, 'evidence': sel['id'], 'decision': dec, 'work_units': work, 'receipt': r})\n        \n        add_action({'action': 'upgrade_gate', 'consumer': cons_id, 'ring': ring, 'package': pkg_id, 'recovery_steps': steps})\n        if ring == 'canary': canary_parent = parent\n\nEOF\n"] min_timeout_sec: 0.5 max_timeout_sec: 180.0
Sending keys: ['cat << \'EOF\' >> /app/plan_generator.py\n# Distribute Trust\nfor ring in [\'canary\', \'fleet\']:\n    add_action({\'action\': \'distribute_trust\', \'surface\': \'tls:telemetry-api\', \'ring\': ring, \'materials\': [\'tls-root-2027\']})\n    add_action({\'action\': \'distribute_trust\', \'surface\': \'signing:device-update\', \'ring\': ring, \'materials\': [\'sign-release-ed\', \'sign-release-pq\']})\n    add_action({\'action\': \'distribute_trust\', \'surface\': \'ssh:ops-bastion\', \'ring\': ring, \'materials\': [\'ssh-host-ed25519-c\']})\n\n# Configure transition on all surfaces to retain old keys + add new keys\nadd_action({\'action\': \'activate_material\', \'material\': \'tls-api-2027\'})\nadd_action({\'action\': \'activate_material\', \'material\': \'ssh-user-ca-ed\'})\nadd_action({\'action\': \'activate_material\', \'material\': \'archive-wrap-hybrid-c\'})\n\nadd_action({\n    \'action\': \'configure_transition\', \'surface\': \'tls:telemetry-api\',\n    \'protocols\': [\'TLS1.2\', \'TLS1.3\'], \'kex\': [\'P256\', \'X25519\', \'X25519_MLKEM768\'],\n    \'server_credentials\': [\'tls-api-2024\', \'tls-api-2027\']\n})\nadd_action({\n    \'action\': \'configure_transition\', \'surface\': \'signing:device-update\',\n    \'release_context\': \'helios-release-v1\',\n    \'threshold\': 1,\n    \'signers\': [\'sign-release-ed\', \'sign-release-pq\']\n})\nadd_action({\n    \'action\': \'configure_transition\', \'surface\': \'ssh:ops-bastion\',\n    \'host_key_algorithms\': [\'SSH_RSA_SHA1\', \'RSA_SHA2_256\', \'SSH_ED25519\'],\n    \'host_keys\': [\'ssh-host-rsa1024\', \'ssh-host-ed25519-c\'],\n    \'user_cas\': [\'ssh-user-ca-rsa\', \'ssh-user-ca-ed\']\n})\n\n# Workflow gates\nfor ring in [\'canary\', \'fleet\']:\n    add_action({\'action\': \'workflow_gate\', \'surface\': \'tls:telemetry-api\', \'ring\': ring, \'profile\': \'target\'})\n    add_action({\'action\': \'workflow_gate\', \'surface\': \'signing:device-update\', \'ring\': ring, \'profile\': \'target\'})\n    add_action({\'action\': \'workflow_gate\', \'surface\': \'ssh:ops-bastion\', \'ring\': ring, \'profile\': \'target\'})\n\n# Archive migration\nwrap_mat = materials[\'archive-wrap-hybrid-c\']\nfor a in archives:\n    # Calc proofs\n    # context = UTF8(archive_id NUL data_cipher NUL wrap_material NUL published_digest)\n    # message = HEX(legacy_envelope_hex) || HEX(object_nonce_hex) || context\n    # new_envelope = HMAC-SHA256(key=HEX(material.rewrap_share_hex), message=message)\n    # restore_proof = HMAC-SHA256(key=HEX(new_envelope), message=UTF8("restore-v1") || NUL || context)\n    fix = next(f for f in fixtures[\'archive_objects\'] if f[\'archive\'] == a[\'id\'])\n    ctx = utf8(a[\'id\']) + b_nul() + utf8(policy[\'surfaces\'][\'archive:compliance\'][\'data_cipher\']) + b_nul() + utf8(\'archive-wrap-hybrid-c\') + b_nul() + utf8(a[\'digest\'])\n    msg = bytes.fromhex(fix[\'legacy_envelope_hex\']) + bytes.fromhex(fix[\'object_nonce_hex\']) + ctx\n    new_env = hmac.new(bytes.fromhex(wrap_mat[\'rewrap_share_hex\']), msg, hashlib.sha256).hexdigest()\n    proof = hmac.new(bytes.fromhex(new_env), utf8(\'restore-v1\') + b_nul() + ctx, hashlib.sha256).hexdigest()\n    \n    add_action({\'action\': \'migrate_archive\', \'archive\': a[\'id\'], \'mode\': a[\'migration_mode\'],\n                \'data_cipher\': policy[\'surfaces\'][\'archive:compliance\'][\'data_cipher\'],\n                \'wrap_material\': \'archive-wrap-hybrid-c\',\n                \'new_envelope_hex\': new_env, \'restore_proof\': proof})\n\nadd_action({\'action\': \'archive_gate\', \'consumers\': [\'archive-recovery\', \'archive-audit\'], \'digests\': [a[\'digest\'] for a in archives]})\n\n# Set final policies\nadd_action({\'action\': \'set_final_policy\', \'surface\': \'tls:telemetry-api\'})\nadd_action({\'action\': \'set_final_policy\', \'surface\': \'signing:device-update\'})\nadd_action({\'action\': \'set_final_policy\', \'surface\': \'ssh:ops-bastion\'})\nadd_action({\'action\': \'set_final_policy\', \'surface\': \'archive:compliance\'})\n\n# Retire old materials\nfor rm in retire: add_action({\'action\': \'retire_material\', \'material\': rm})\n\nopen(\'/app/submission/migration-plan.json\', \'w\').write(json.dumps({\n    \'format_version\': 1,\n    \'case_id\': estate[\'case_id\'],\n    \'findings\': {\'compromised_material\': compromised, \'retire_material\': sorted(retire)},\n    \'dependencies\': deps,\n    \'final_policies\': final_policies,\n    \'actions\': actions\n}, indent=2))\nEOF\npython3 /app/plan_generator.py\nagilityctl lint /app/submission/migration-plan.json\nagilityctl rehearse /app/submission/migration-plan.json\n'] min_timeout_sec: 2.0 max_timeout_sec: 180.0
Trajectory dumped to /home/ubuntu/worktrees/def_tasks/tasksets/v3/incoming/codex/batch_9/006/.task-factory-runtime/jobs/codex_batch_9_006_qualification_r12_20260815_225832_004344/cryptographic_agility_pqc_migrat__smwEXxf/agent/trajectory.json
Parser warnings: - Extra text detected before JSON object
- Extra text detected after JSON object
Sending keys: ['cat << \'EOF\' > show_policy.py\nimport json\n\nbase = json.load(open(\'/opt/crypto-case/case/policy-baseline.json\'))\nprint("--- Global Constraints ---")\nprint(json.dumps(base.get(\'global_constraints\'), indent=2))\n\nprint("\\n--- Normative Completion ---")\nprint(json.dumps(base.get(\'normative_completion\'), indent=2))\nEOF\n'] min_timeout_sec: 0.1 max_timeout_sec: 180.0
Sending keys: ['python3 show_policy.py\n'] min_timeout_sec: 0.5 max_timeout_sec: 180.0
Sending keys: ['cat << \'EOF\' > show_compat.py\nimport json\n\ncomp = json.load(open(\'/opt/crypto-case/case/compatibility.json\'))\nprint("--- Upgrades ---")\nfor pkg in comp.get(\'offline_recovery_packages\', []):\n    print(f"{pkg[\'id\']}: from {pkg[\'from\']} -> to {pkg[\'to\']} (Domain: {pkg.get(\'domain\')})")\nEOF\n'] min_timeout_sec: 0.1 max_timeout_sec: 180.0
Sending keys: ['python3 show_compat.py\n'] min_timeout_sec: 0.5 max_timeout_sec: 180.0
Trajectory dumped to /home/ubuntu/worktrees/def_tasks/tasksets/v3/incoming/codex/batch_9/006/.task-factory-runtime/jobs/codex_batch_9_006_qualification_r12_20260815_225832_004344/cryptographic_agility_pqc_migrat__BJuUBjG/agent/trajectory.json
Parser warnings: - Extra text detected before JSON object
- Extra text detected after JSON object
Sending keys: ['sed -i "s/\'action\':/\'op\':/g" /app/plan_generator.py\npython3 /app/plan_generator.py\nagilityctl lint /app/submission/migration-plan.json\n'] min_timeout_sec: 1.0 max_timeout_sec: 180.0
Sending keys: ['agilityctl rehearse /app/submission/migration-plan.json\n'] min_timeout_sec: 2.0 max_timeout_sec: 180.0
Trajectory dumped to /home/ubuntu/worktrees/def_tasks/tasksets/v3/incoming/codex/batch_9/006/.task-factory-runtime/jobs/codex_batch_9_006_qualification_r12_20260815_225832_004344/cryptographic_agility_pqc_migrat__smwEXxf/agent/trajectory.json
Parser warnings: - Extra text detected before JSON object
- Extra text detected after JSON object
Sending keys: ['python3 -c "import json; print(\'Policy keys:\', list(json.load(open(\'/opt/crypto-case/case/policy-baseline.json\')).keys()))"\n'] min_timeout_sec: 0.1 max_timeout_sec: 180.0
Sending keys: ['python3 -c "import json; print(\'Compat keys:\', list(json.load(open(\'/opt/crypto-case/case/compatibility.json\')).keys()))"\n'] min_timeout_sec: 0.1 max_timeout_sec: 180.0
Trajectory dumped to /home/ubuntu/worktrees/def_tasks/tasksets/v3/incoming/codex/batch_9/006/.task-factory-runtime/jobs/codex_batch_9_006_qualification_r12_20260815_225832_004344/cryptographic_agility_pqc_migrat__BJuUBjG/agent/trajectory.json
Parser warnings: - Extra text detected before JSON object
- Extra text detected after JSON object
Sending keys: ["cat /opt/crypto-case/docs/plan-schema.md | grep -A 50 '## Material, trust, and transitions'\n"] min_timeout_sec: 0.5 max_timeout_sec: 180.0
Sending keys: ['cat /opt/crypto-case/case/policy-baseline.json | jq .lifecycle.archive_restore_consumers\n'] min_timeout_sec: 0.2 max_timeout_sec: 180.0
Sending keys: ["cat /opt/crypto-case/plan.schema.json | jq '.definitions.actions.items.anyOf[] | {op: .properties.op.const, req: .required}'\n"] min_timeout_sec: 0.5 max_timeout_sec: 180.0
Parser warnings: - Extra text detected before JSON object
- Extra text detected after JSON object
Sending keys: ["cat << 'EOF' > show_policy_surfaces.py\nimport json\n\nbase = json.load(open('/opt/crypto-case/case/policy-baseline.json'))\nprint(json.dumps(base.get('surfaces'), indent=2))\nEOF\n"] min_timeout_sec: 0.1 max_timeout_sec: 180.0
Sending keys: ['python3 show_policy_surfaces.py\n'] min_timeout_sec: 0.5 max_timeout_sec: 180.0
Trajectory dumped to /home/ubuntu/worktrees/def_tasks/tasksets/v3/incoming/codex/batch_9/006/.task-factory-runtime/jobs/codex_batch_9_006_qualification_r12_20260815_225832_004344/cryptographic_agility_pqc_migrat__smwEXxf/agent/trajectory.json
Sending keys: ['cat << \'EOF\' > show_compat_packages.py\nimport json\n\ncomp = json.load(open(\'/opt/crypto-case/case/compatibility.json\'))\nprint("--- Packages ---")\nfor pkg in comp.get(\'packages\', []):\n    print(f"{pkg[\'id\']}: from {pkg[\'from_version\']} -> to {pkg[\'to_version\']} (Domain: {pkg.get(\'domain\')})")\nEOF\n'] min_timeout_sec: 0.1 max_timeout_sec: 180.0
Sending keys: ['python3 show_compat_packages.py\n'] min_timeout_sec: 0.5 max_timeout_sec: 180.0
Trajectory dumped to /home/ubuntu/worktrees/def_tasks/tasksets/v3/incoming/codex/batch_9/006/.task-factory-runtime/jobs/codex_batch_9_006_qualification_r12_20260815_225832_004344/cryptographic_agility_pqc_migrat__BJuUBjG/agent/trajectory.json
Parser warnings: - Extra text detected before JSON object
- Extra text detected after JSON object
Sending keys: ['cat << \'EOF\' > /app/schema_explore.py\nimport json\nschema = json.load(open(\'/opt/crypto-case/plan.schema.json\'))\nactions = schema[\'properties\'][\'actions\'][\'items\'][\'anyOf\']\nfor a in actions:\n    op = a[\'properties\'][\'op\'][\'const\']\n    req = a.get(\'required\', [])\n    print(f"{op}: {req}")\nEOF\npython3 /app/schema_explore.py\n'] min_timeout_sec: 0.5 max_timeout_sec: 180.0
Trajectory dumped to /home/ubuntu/worktrees/def_tasks/tasksets/v3/incoming/codex/batch_9/006/.task-factory-runtime/jobs/codex_batch_9_006_qualification_r12_20260815_225832_004344/cryptographic_agility_pqc_migrat__smwEXxf/agent/trajectory.json
Parser warnings: - Extra text detected before JSON object
- Extra text detected after JSON object
Sending keys: ['cat << \'EOF\' > /app/schema_explore.py\nimport json\nschema = json.load(open(\'/opt/crypto-case/plan.schema.json\'))\nactions = schema[\'properties\'][\'actions\'][\'items\'].get(\'anyOf\') or schema[\'properties\'][\'actions\'][\'items\'].get(\'oneOf\') or schema[\'properties\'][\'actions\'][\'items\'].get(\'allOf\')\nfor a in actions:\n    op = a[\'properties\'][\'op\'][\'const\']\n    req = a.get(\'required\', [])\n    print(f"{op}: {req}")\nEOF\npython3 /app/schema_explore.py\n'] min_timeout_sec: 0.5 max_timeout_sec: 180.0
Parser warnings: - Extra text detected before JSON object
- Extra text detected after JSON object
Sending keys: ["jq '.packages[]' /opt/crypto-case/case/compatibility.json | head -n 30\n"] min_timeout_sec: 0.1 max_timeout_sec: 180.0
Sending keys: ["jq '.packages[] | {id, from, to}' /opt/crypto-case/case/compatibility.json\n"] min_timeout_sec: 0.1 max_timeout_sec: 180.0
Trajectory dumped to /home/ubuntu/worktrees/def_tasks/tasksets/v3/incoming/codex/batch_9/006/.task-factory-runtime/jobs/codex_batch_9_006_qualification_r12_20260815_225832_004344/cryptographic_agility_pqc_migrat__smwEXxf/agent/trajectory.json
Trajectory dumped to /home/ubuntu/worktrees/def_tasks/tasksets/v3/incoming/codex/batch_9/006/.task-factory-runtime/jobs/codex_batch_9_006_qualification_r12_20260815_225832_004344/cryptographic_agility_pqc_migrat__BJuUBjG/agent/trajectory.json
Parser warnings: - Extra text detected before JSON object
- Extra text detected after JSON object
Sending keys: ['cat /opt/crypto-case/docs/receipt-contract.md\n'] min_timeout_sec: 0.1 max_timeout_sec: 180.0
Sending keys: ["cat /opt/crypto-case/case/execution-fixtures.json | jq 'keys'\n"] min_timeout_sec: 0.1 max_timeout_sec: 180.0
Sending keys: ["cat /opt/crypto-case/case/execution-fixtures.json | jq '.archive_envelopes | keys'\n"] min_timeout_sec: 0.1 max_timeout_sec: 180.0
Parser warnings: - Extra text detected before JSON object
- Extra text detected after JSON object
Sending keys: ["cat << 'EOF' > /app/build_plan.py\nimport json, hmac, hashlib, os\n\ndef load(f): return json.load(open(f'/opt/crypto-case/case/{f}'))\ndef loadl(f): return [json.loads(l) for l in open(f'/opt/crypto-case/case/{f}')]\n\nestate = load('estate.json')\nmaterials = load('materials.json')['materials']\nbaseline = load('policy-baseline.json')\nfixtures = load('execution-fixtures.json')\ninterruptions = loadl('interruption-observations.jsonl')\n\ncaptured_at = estate['captured_at']\nconsumers = {c['id']: c for c in estate['consumers']}\n\n# Calculate dependencies\ndeps_json = json.load(open('/app/deps.json'))\ndependencies = deps_json['dependencies']\nfindings = deps_json['findings']\n\n# Final Policies\nfinal_policies = baseline['surfaces']\n\n# Selected Materials\n# Based on constraints: vault-a (2), vault-b (2), vault-c (2)\nselected = {\n    'tls-root-2027': 'trust_anchor',\n    'tls-api-2027': 'server_credential', # vault-a\n    'sign-release-ed': 'release_signer', # vault-a\n    'sign-release-pq': 'release_signer', # vault-b\n    'ssh-host-ed25519-c': 'host_key', # vault-c\n    'ssh-user-ca-ed-c': 'user_ca', # vault-c\n    'archive-wrap-hybrid': 'wrapping_key' # vault-b\n}\n\n# Identify old materials\nold_materials = [m['id'] for m in materials if m.get('disposition') == 'retire_at_completion']\n\nactions = []\n\n# 1. Contain compromised signer\nactions.append({\n    'id': 'contain-1',\n    'op': 'contain_signer',\n    'material': 'sign-release-rsa'\n})\n\n# 2. Stage materials\nfor m in selected:\n    actions.append({\n        'id': f'stage-{m}',\n        'op': 'stage_material',\n        'material': m\n    })\n\n# Upgrade targets mapping (consumer -> package id)\nupgrades_needed = {\n    'tls-field-north': ('upgrade-gw-north-6.2', 'gw-6.2'),\n    'tls-batch-export': ('upgrade-export-3.0', 'export-3.0'),\n    'sign-plant-alpha': ('upgrade-boot-v3', 'boot-v3'),\n    'ssh-oncall': ('upgrade-ssh-9.6', 'ssh-9.6'),\n    'archive-recovery': ('upgrade-restore-2.0', 'restore-2.0')\n}\n\n# Precompute packages for digests\npackages = {p['id']: p for p in load('compatibility.json')['packages']}\n\ncutoff = fixtures['interruption_capture_cutoff']\nwork_units = fixtures['recovery_action_work_units']\n\ndef compact_json(obj):\n    return json.dumps(obj, sort_keys=True, separators=(',', ':'))\n\ndef compute_receipt(base_key, parent_hex, fault_point, ev_id, state_digest, decision, work):\n    msg = b'recover-v2\\x00' + parent_hex.encode() + b'\\x00' + fault_point.encode() + b'\\x00' + ev_id.encode() + b'\\x00' + state_digest.encode() + b'\\x00' + decision.encode() + b'\\x00' + str(work).encode()\n    return hmac.new(base_key, msg, hashlib.sha256).hexdigest()\n\nupgraded_consumers = []\n\nfor ring in ['canary', 'fleet']:\n    for c_id, (pkg_id, expected_version) in upgrades_needed.items():\n        c = consumers[c_id]\n        pkg = packages[pkg_id]\n        image_digest = pkg['image_digest']\n        \n        # Action: upgrade_consumer\n        a_upg = {\n            'id': f'upgrade-{c_id}-{ring}',\n            'op': 'upgrade_consumer',\n            'consumer': c_id,\n            'package': pkg_id,\n            'ring': ring,\n            'failure_domains': c['rollout']['failure_domains'] if ring == 'fleet' else [c['rollout']['failure_domains'][0]],\n            'batch': {'max_total': 1, 'max_per_failure_domain': 1}, # simple batch limits\n            'on_interrupt': c['rollout']['on_interrupt']\n        }\n        if ring == 'fleet':\n            a_upg['batch'] = {\n                'max_total': c['availability']['max_total_offline'],\n                'max_per_failure_domain': c['availability']['max_per_failure_domain']\n            }\n        actions.append(a_upg)\n        \n        # Prepare base key\n        state_seed_hex = fixtures['upgrade_states'][c_id][ring]\n        base_context = c_id.encode() + b'\\x00' + ring.encode() + b'\\x00' + pkg_id.encode() + b'\\x00' + expected_version.encode() + b'\\x00' + image_digest.encode()\n        base_key = hashlib.sha256(bytes.fromhex(state_seed_hex) + base_context).digest()\n        \n        if ring == 'canary':\n            parent = hashlib.sha256(b'captured-v2\\x00' + bytes.fromhex(state_seed_hex)).hexdigest()\n        else:\n            # Need final canary receipt\n            parent = globals().get(f'final_receipt_{c_id}_canary')\n            \n        recovery_steps = []\n        for fp in fixtures['fault_points']:\n            # find observation\n            obs_c = [o for o in interruptions if o['consumer'] == c_id and o['ring'] == ring and o['package'] == pkg_id and o['fault_point'] == fp and o['result'] == 'captured' and o['observed_at'] <= cutoff]\n            if not obs_c: continue\n            obs = sorted(obs_c, key=lambda x: (x['observed_at'], x['id']))[-1]\n            \n            state = obs['state']\n            state_digest = obs['state_digest']\n            \n            # decision logic\n            dec = 'unrecoverable'\n            if state.get('write_phase') == 'not_started': dec = 'retry_same_image'\n            elif state.get('write_phase') == 'complete_uncommitted' and state.get('journal_integrity') == 'valid' and state.get('new_image_integrity') == 'verified' and state.get('resume_token') == 'valid': dec = 'resume_commit'\n            elif state.get('rollback_snapshot') == 'verified': dec = 'rollback_then_retry'\n            elif state.get('image_cache') == 'verified' and c['rollout'].get('reimage_allowed'): dec = 'reimage_then_retry'\n            \n            wu = work_units[dec]\n            receipt = compute_receipt(base_key, parent, fp, obs['id'], state_digest, dec, wu)\n            parent = receipt\n            recovery_steps.append({\n                'fault_point': fp,\n                'evidence': obs['id'],\n                'decision': dec,\n                'work_units': wu,\n                'receipt': receipt\n            })\n            \n        if ring == 'canary':\n            globals()[f'final_receipt_{c_id}_canary'] = parent\n            \n        actions.append({\n            'id': f'gate-{c_id}-{ring}',\n            'op': 'upgrade_gate',\n            'consumer': c_id,\n            'ring': ring,\n            'package': pkg_id,\n            'expected_version': expected_version,\n            'recovery_steps': recovery_steps\n        })\n\n# Distribution (only for rings, both canary and fleet)\n# Trust materials: tls-root-2027, sign-release-ed, sign-release-pq, ssh-host-ed25519-c\nfor ring in ['canary', 'fleet']:\n    for c_id, c in consumers.items():\n        if c['surface'] == 'tls:telemetry-api':\n            actions.append({'id': f'dist-tls-{c_id}-{ring}', 'op': 'distribute_trust', 'consumer': c_id, 'ring': ring, 'material': 'tls-root-2027'})\n        elif c['surface'] == 'signing:device-update':\n            actions.append({'id': f'dist-sign-ed-{c_id}-{ring}', 'op': 'distribute_trust', 'consumer': c_id, 'ring': ring, 'material': 'sign-release-ed'})\n            actions.append({'id': f'dist-sign-pq-{c_id}-{ring}', 'op': 'distribute_trust', 'consumer': c_id, 'ring': ring, 'material': 'sign-release-pq'})\n        elif c['surface'] == 'ssh:ops-bastion':\n            actions.append({'id': f'dist-ssh-{c_id}-{ring}', 'op': 'distribute_trust', 'consumer': c_id, 'ring': ring, 'material': 'ssh-host-ed25519-c'})\n\n# Activate materials\nactions.extend([\n    {'id': 'act-tls-api', 'op': 'activate_material', 'surface': 'tls:telemetry-api', 'material': 'tls-api-2027'},\n    {'id': 'act-sign-ed', 'op': 'activate_material', 'surface': 'signing:device-update', 'material': 'sign-release-ed'},\n    {'id': 'act-sign-pq', 'op': 'activate_material', 'surface': 'signing:device-update', 'material': 'sign-release-pq'},\n    {'id': 'act-ssh-host', 'op': 'activate_material', 'surface': 'ssh:ops-bastion', 'material': 'ssh-host-ed25519-c'},\n    {'id': 'act-ssh-ca', 'op': 'activate_material', 'surface': 'ssh:ops-bastion', 'material': 'ssh-user-ca-ed-c'},\n    {'id': 'act-arch-wrap', 'op': 'activate_material', 'surface': 'archive:compliance', 'material': 'archive-wrap-hybrid'}\n])\n\n# Configure transition\nactions.extend([\n    {'id': 'trans-tls', 'op': 'configure_transition', 'surface': 'tls:telemetry-api', 'allowed_materials': ['tls-root-2019', 'tls-api-2024', 'tls-root-2027', 'tls-api-2027']},\n    {'id': 'trans-sign', 'op': 'configure_transition', 'surface': 'signing:device-update', 'allowed_materials': ['sign-release-ed', 'sign-release-pq']},\n    {'id': 'trans-ssh', 'op': 'configure_transition', 'surface': 'ssh:ops-bastion', 'allowed_materials': ['ssh-host-rsa1024', 'ssh-user-ca-rsa', 'ssh-host-ed25519-c', 'ssh-user-ca-ed-c']}\n])\n\n# Workflow gates\nfor ring in ['canary', 'fleet']:\n    for c_id, c in consumers.items():\n        if c['surface'].startswith('archive'): continue\n        actions.append({\n            'id': f'wf-{c_id}-{ring}',\n            'op': 'workflow_gate',\n            'surface': c['surface'],\n            'consumer': c_id,\n            'ring': ring,\n            'profile': 'target'\n        })\n\n# Archives\narchives = load('archives.json')['archives']\nfor a in archives:\n    mode = 'copy_verify_swap' if a['storage_class'] in ['WORM', 'replicated'] else 'in_place'\n    a_id = a['id']\n    fix_a = fixtures['archive_objects'][a_id]\n    env_hex = fix_a['legacy_envelope_hex']\n    nonce_hex = fix_a['object_nonce_hex']\n    \n    ctx = a_id.encode() + b'\\x00AES_256_GCM\\x00archive-wrap-hybrid\\x00' + a['plaintext_digest'].encode()\n    msg = bytes.fromhex(env_hex) + bytes.fromhex(nonce_hex) + ctx\n    \n    # wrap key share\n    wrap_mat = [m for m in materials if m['id'] == 'archive-wrap-hybrid'][0]\n    share_hex = wrap_mat['rewrap_share_hex']\n    \n    new_env = hmac.new(bytes.fromhex(share_hex), msg, hashlib.sha256).hexdigest()\n    proof = hmac.new(bytes.fromhex(new_env), b'restore-v1\\x00\\x00' + ctx, hashlib.sha256).hexdigest()\n    \n    actions.append({\n        'id': f'mig-{a_id}',\n        'op': 'migrate_archive',\n        'archive': a_id,\n        'data_cipher': 'AES_256_GCM',\n        'wrap_material': 'archive-wrap-hybrid',\n        'mode': mode,\n        'new_envelope_hex': new_env,\n        'restore_proof': proof\n    })\n    \n    req_restore = [c['id'] for c in estate['consumers'] if c['surface'] == 'archive:compliance' and c['required']]\n    actions.append({\n        'id': f'agate-{a_id}',\n        'op': 'archive_gate',\n        'archive': a_id,\n        'consumers': req_restore,\n        'expected_digest': a['plaintext_digest']\n    })\n\n# Set final policies\nfor surf in baseline['surfaces']:\n    actions.append({\n        'id': f'pol-{surf}',\n        'op': 'set_final_policy',\n        'surface': surf\n    })\n\n# Retire\nfor m in old_materials:\n    actions.append({\n        'id': f'retire-{m}',\n        'op': 'retire_material',\n        'material': m\n    })\n\nplan = {\n    'format_version': 1,\n    'case_id': estate['case_id'],\n    'findings': findings,\n    'dependencies': dependencies,\n    'final_policies': final_policies,\n    'actions': actions\n}\n\nos.makedirs('/app/submission', exist_ok=True)\nwith open('/app/submission/migration-plan.json', 'w') as f:\n    json.dump(plan, f, indent=2)\nEOF\n"] min_timeout_sec: 0.2 max_timeout_sec: 180.0
Sending keys: ['python3 /app/build_plan.py\n'] min_timeout_sec: 0.5 max_timeout_sec: 180.0
Trajectory dumped to /home/ubuntu/worktrees/def_tasks/tasksets/v3/incoming/codex/batch_9/006/.task-factory-runtime/jobs/codex_batch_9_006_qualification_r12_20260815_225832_004344/cryptographic_agility_pqc_migrat__BJuUBjG/agent/trajectory.json
Sending keys: ['agilityctl lint /app/submission/migration-plan.json\n'] min_timeout_sec: 1.0 max_timeout_sec: 180.0
Trajectory dumped to /home/ubuntu/worktrees/def_tasks/tasksets/v3/incoming/codex/batch_9/006/.task-factory-runtime/jobs/codex_batch_9_006_qualification_r12_20260815_225832_004344/cryptographic_agility_pqc_migrat__gHRoRz4/agent/trajectory.json
Parser warnings: - Extra text detected before JSON object
- Extra text detected after JSON object
Sending keys: ["cat /opt/crypto-case/case/execution-fixtures.json | jq '.archive_objects | keys'\n"] min_timeout_sec: 0.1 max_timeout_sec: 180.0
Sending keys: ["cat /opt/crypto-case/case/execution-fixtures.json | jq '.fault_points'\n"] min_timeout_sec: 0.1 max_timeout_sec: 180.0
Sending keys: ["cat /opt/crypto-case/case/execution-fixtures.json | jq '.upgrade_states | keys' | head -n 10\n"] min_timeout_sec: 0.1 max_timeout_sec: 180.0
Sending keys: ["cat /opt/crypto-case/case/execution-fixtures.json | jq '.recovery_action_work_units'\n"] min_timeout_sec: 0.1 max_timeout_sec: 180.0
Trajectory dumped to /home/ubuntu/worktrees/def_tasks/tasksets/v3/incoming/codex/batch_9/006/.task-factory-runtime/jobs/codex_batch_9_006_qualification_r12_20260815_225832_004344/cryptographic_agility_pqc_migrat__BJuUBjG/agent/trajectory.json
Parser warnings: - Extra text detected before JSON object
- Extra text detected after JSON object
Sending keys: ['python3 -c "import json; f = json.load(open(\'/opt/crypto-case/case/execution-fixtures.json\'))[\'upgrade_states\']; print(f[0])"\n'] min_timeout_sec: 0.5 max_timeout_sec: 180.0
Trajectory dumped to /home/ubuntu/worktrees/def_tasks/tasksets/v3/incoming/codex/batch_9/006/.task-factory-runtime/jobs/codex_batch_9_006_qualification_r12_20260815_225832_004344/cryptographic_agility_pqc_migrat__gHRoRz4/agent/trajectory.json
Parser warnings: - Extra text detected before JSON object
- Extra text detected after JSON object
Sending keys: ['cat << \'EOF\' > /app/fix_plan.py\nimport json\nlines = open(\'/app/build_plan.py\').read()\nlines = lines.replace("state_seed_hex = fixtures[\'upgrade_states\'][c_id][ring]", "state_seed_hex = [u[\'state_seed_hex\'] for u in fixtures[\'upgrade_states\'] if u[\'consumer\'] == c_id][0]")\nwith open(\'/app/build_plan.py\', \'w\') as f: f.write(lines)\nEOF\npython3 /app/fix_plan.py\npython3 /app/build_plan.py\nagilityctl lint /app/submission/migration-plan.json\n'] min_timeout_sec: 1.0 max_timeout_sec: 180.0
Trajectory dumped to /home/ubuntu/worktrees/def_tasks/tasksets/v3/incoming/codex/batch_9/006/.task-factory-runtime/jobs/codex_batch_9_006_qualification_r12_20260815_225832_004344/cryptographic_agility_pqc_migrat__gHRoRz4/agent/trajectory.json
Parser warnings: - Extra text detected before JSON object
- Extra text detected after JSON object
Sending keys: ["cat << 'EOF' > /app/plan_actions.py\n# Setup actions\nactions = []\nact_id = 1\ndef add_action(a): global act_id; a['id'] = f'act-{act_id:04d}'; a['op'] = a.pop('action'); act_id += 1; actions.append(a)\n\nadd_action({'action': 'contain_signer', 'material': 'sign-release-rsa'})\n\nstage_mats = ['tls-root-2027', 'tls-api-2027', 'sign-release-ed', 'sign-release-pq', 'ssh-host-ed25519-c', 'ssh-user-ca-ed', 'archive-wrap-hybrid-c']\nfor m in stage_mats: add_action({'action': 'stage_material', 'material': m})\n\n# Upgrades\nupgrades = {\n    'tls-field-north': ('upgrade-gw-north-6.2', 'gw-6.2'),\n    'tls-batch-export': ('upgrade-export-3.0', 'export-3.0'),\n    'sign-plant-alpha': ('upgrade-boot-v3', 'boot-v3'),\n    'ssh-oncall': ('upgrade-ssh-9.6', 'ssh-9.6'),\n    'archive-recovery': ('upgrade-restore-2.0', 'restore-2.0')\n}\nfor cons_id, (pkg_id, target_ver) in upgrades.items():\n    pkg = packages[pkg_id]\n    cons = consumers[cons_id]\n    for ring in ['canary', 'fleet']:\n        batch = {'max_per_failure_domain': cons['rollout']['canary_max_per_failure_domain'] if ring == 'canary' else cons['availability']['max_per_failure_domain'],\n                 'max_total': cons['rollout']['canary_max_per_failure_domain'] * len(cons['rollout']['failure_domains']) if ring == 'canary' else cons['availability']['max_total_offline']}\n        add_action({'action': 'upgrade_consumer', 'consumer': cons_id, 'ring': ring, 'package': pkg_id, 'batch': batch, 'on_interrupt': cons['rollout']['on_interrupt'], 'failure_domains': cons['rollout']['failure_domains']})\n        \n        seed = state_seeds[cons_id]\n        ctx = utf8(cons_id) + b_nul() + utf8(ring) + b_nul() + utf8(pkg_id) + b_nul() + utf8(target_ver) + b_nul() + utf8(pkg['image_digest'])\n        base_key = hashlib.sha256(bytes.fromhex(seed) + ctx).digest()\n        if ring == 'canary': parent = hashlib.sha256(utf8('captured-v2') + b_nul() + bytes.fromhex(seed)).hexdigest()\n        else: parent = canary_parent\n        \n        steps = []\n        for fp in fixtures['fault_points']:\n            cands = [o for o in interruptions if o['consumer'] == cons_id and o['ring'] == ring and o['package'] == pkg_id and o['fault_point'] == fp and o['result'] == 'captured' and o['observed_at'] <= fixtures['interruption_capture_cutoff']]\n            if not cands: continue\n            sel = sorted(cands, key=lambda x: (x['observed_at'], x['id']))[-1]\n            dec = diag_state(sel['state'], cons.get('rollout', {}).get('reimage_allowed', False))\n            work = fixtures['recovery_action_work_units'][dec]\n            msg = utf8('recover-v2') + b_nul() + bytes.fromhex(parent) + b_nul() + utf8(fp) + b_nul() + utf8(sel['id']) + b_nul() + bytes.fromhex(sel['state_digest']) + b_nul() + utf8(dec) + b_nul() + utf8(str(work))\n            r = hmac.new(base_key, msg, hashlib.sha256).hexdigest()\n            parent = r\n            steps.append({'fault_point': fp, 'evidence': sel['id'], 'decision': dec, 'work_units': work, 'receipt': r})\n        \n        add_action({'action': 'upgrade_gate', 'consumer': cons_id, 'ring': ring, 'package': pkg_id, 'expected_version': target_ver, 'recovery_steps': steps})\n        if ring == 'canary': canary_parent = parent\n\n# Trust and Active Materials\n# Distribute Trust maps materials to specific consumers on surfaces\nsurface_materials = {\n    'tls:telemetry-api': ['tls-root-2027'],\n    'signing:device-update': ['sign-release-ed', 'sign-release-pq'],\n    'ssh:ops-bastion': ['ssh-host-ed25519-c']\n}\n\nactive_mats = {\n    'tls:telemetry-api': ['tls-api-2027'],\n    'ssh:ops-bastion': ['ssh-user-ca-ed'],\n    'archive:compliance': ['archive-wrap-hybrid-c']\n}\nfor s, m_list in active_mats.items():\n    for m in m_list:\n        add_action({'action': 'activate_material', 'surface': s, 'material': m})\n\nfor s, m_list in surface_materials.items():\n    for c in [c for c in estate['consumers'] if c['surface'] == s]:\n        for ring in ['canary', 'fleet']:\n            for m in m_list:\n                add_action({'action': 'distribute_trust', 'consumer': c['id'], 'ring': ring, 'material': m})\n\n# Configure transition\ntransition_mats = {\n    'tls:telemetry-api': ['tls-api-2024', 'tls-api-2027'],\n    'signing:device-update': ['sign-release-ed', 'sign-release-pq'],\n    'ssh:ops-bastion': ['ssh-host-rsa1024', 'ssh-host-ed25519-c', 'ssh-user-ca-rsa', 'ssh-user-ca-ed']\n}\nfor s, mats in transition_mats.items():\n    add_action({'action': 'configure_transition', 'surface': s, 'allowed_materials': mats})\n\n# Workflow Gates\nfor c in estate['consumers']:\n    if c['surface'] in ['tls:telemetry-api', 'signing:device-update', 'ssh:ops-bastion']:\n        for ring in ['canary', 'fleet']:\n            add_action({'action': 'workflow_gate', 'surface': c['surface'], 'consumer': c['id'], 'ring': ring, 'profile': 'target'})\n\n# Archive Migration\nwrap_mat = materials['archive-wrap-hybrid-c']\nfor a in archives:\n    fix = next(f for f in fixtures['archive_objects'] if f['archive'] == a['id'])\n    ctx = utf8(a['id']) + b_nul() + utf8(policy['surfaces']['archive:compliance']['data_cipher']) + b_nul() + utf8('archive-wrap-hybrid-c') + b_nul() + utf8(a['digest'])\n    msg = bytes.fromhex(fix['legacy_envelope_hex']) + bytes.fromhex(fix['object_nonce_hex']) + ctx\n    new_env = hmac.new(bytes.fromhex(wrap_mat['rewrap_share_hex']), msg, hashlib.sha256).hexdigest()\n    proof = hmac.new(bytes.fromhex(new_env), utf8('restore-v1') + b_nul() + ctx, hashlib.sha256).hexdigest()\n    add_action({'action': 'migrate_archive', 'archive': a['id'], 'mode': a['migration_mode'], 'data_cipher': policy['surfaces']['archive:compliance']['data_cipher'], 'wrap_material': 'archive-wrap-hybrid-c', 'new_envelope_hex': new_env, 'restore_proof': proof})\n    add_action({'action': 'archive_gate', 'archive': a['id'], 'consumers': ['archive-recovery', 'archive-audit'], 'expected_digest': a['digest']})\n\n# Set Policies & Retire\nfor s in ['tls:telemetry-api', 'signing:device-update', 'ssh:ops-bastion', 'archive:compliance']:\n    add_action({'action': 'set_final_policy', 'surface': s})\n\nfor rm in retire: add_action({'action': 'retire_material', 'material': rm})\nEOF\n"] min_timeout_sec: 0.5 max_timeout_sec: 180.0
Sending keys: ["cat << 'EOF' >> /app/plan_generator.py\nexec(open('/app/plan_actions.py').read())\nopen('/app/submission/migration-plan.json', 'w').write(json.dumps({\n    'format_version': 1,\n    'case_id': estate['case_id'],\n    'findings': {'compromised_material': compromised, 'retire_material': sorted(retire)},\n    'dependencies': deps,\n    'final_policies': final_policies,\n    'actions': actions\n}, indent=2))\nEOF\npython3 /app/plan_generator.py\n"] min_timeout_sec: 1.0 max_timeout_sec: 180.0
Sending keys: ['agilityctl lint /app/submission/migration-plan.json\n'] min_timeout_sec: 1.0 max_timeout_sec: 180.0
Sending keys: ['agilityctl rehearse /app/submission/migration-plan.json\n'] min_timeout_sec: 2.0 max_timeout_sec: 180.0
Parser warnings: - Extra text detected before JSON object
- Extra text detected after JSON object
Sending keys: ["cat /opt/crypto-case/case/execution-fixtures.json | jq '{cutoff: .interruption_capture_cutoff, archive_0: .archive_objects[0], state_0: .upgrade_states[0]}'\n"] min_timeout_sec: 0.1 max_timeout_sec: 180.0
Trajectory dumped to /home/ubuntu/worktrees/def_tasks/tasksets/v3/incoming/codex/batch_9/006/.task-factory-runtime/jobs/codex_batch_9_006_qualification_r12_20260815_225832_004344/cryptographic_agility_pqc_migrat__smwEXxf/agent/trajectory.json
Sending keys: ['head -n 2 /opt/crypto-case/case/interruption-observations.jsonl\n'] min_timeout_sec: 0.1 max_timeout_sec: 180.0
Trajectory dumped to /home/ubuntu/worktrees/def_tasks/tasksets/v3/incoming/codex/batch_9/006/.task-factory-runtime/jobs/codex_batch_9_006_qualification_r12_20260815_225832_004344/cryptographic_agility_pqc_migrat__BJuUBjG/agent/trajectory.json
Parser warnings: - Extra text detected before JSON object
- Extra text detected after JSON object
Sending keys: ['python3 -c "import json; a = json.load(open(\'/opt/crypto-case/case/archives.json\'))[\'archives\']; print(a[0].keys()); print(a[0])"\n'] min_timeout_sec: 0.5 max_timeout_sec: 180.0
Trajectory dumped to /home/ubuntu/worktrees/def_tasks/tasksets/v3/incoming/codex/batch_9/006/.task-factory-runtime/jobs/codex_batch_9_006_qualification_r12_20260815_225832_004344/cryptographic_agility_pqc_migrat__gHRoRz4/agent/trajectory.json
Parser warnings: - Extra text detected before JSON object
- Extra text detected after JSON object
Sending keys: ['cat << \'EOF\' > /app/fix_plan2.py\nlines = open(\'/app/build_plan.py\').read()\nlines = lines.replace("mode = \'copy_verify_swap\' if a[\'storage_class\'] in [\'WORM\', \'replicated\'] else \'in_place\'", "mode = a[\'migration_mode\']")\nlines = lines.replace("a[\'plaintext_digest\']", "a[\'digest\']")\nwith open(\'/app/build_plan.py\', \'w\') as f: f.write(lines)\nEOF\npython3 /app/fix_plan2.py\npython3 /app/build_plan.py\nagilityctl lint /app/submission/migration-plan.json\n'] min_timeout_sec: 1.0 max_timeout_sec: 180.0
Parser warnings: - Extra text detected before JSON object
- Extra text detected after JSON object
Sending keys: ['cat /app/submission/migration-plan.json | jq \'.actions | to_entries | map({"index": .key, "id": .value.id, "op": .value.op, "surface": .value.surface, "material": .value.material, "archive": .value.archive})\' > /app/action_log.json\ncat /app/action_log.json\n'] min_timeout_sec: 0.5 max_timeout_sec: 180.0
Trajectory dumped to /home/ubuntu/worktrees/def_tasks/tasksets/v3/incoming/codex/batch_9/006/.task-factory-runtime/jobs/codex_batch_9_006_qualification_r12_20260815_225832_004344/cryptographic_agility_pqc_migrat__smwEXxf/agent/trajectory.json
Trajectory dumped to /home/ubuntu/worktrees/def_tasks/tasksets/v3/incoming/codex/batch_9/006/.task-factory-runtime/jobs/codex_batch_9_006_qualification_r12_20260815_225832_004344/cryptographic_agility_pqc_migrat__gHRoRz4/agent/trajectory.json
Parser warnings: - Extra text detected before JSON object
- Extra text detected after JSON object
Sending keys: ['cat << \'EOF\' > /app/fix_plan3.py\nlines = open(\'/app/build_plan.py\').read()\nlines = lines.replace("fix_a = fixtures[\'archive_objects\'][a_id]", "fix_a = [o for o in fixtures[\'archive_objects\'] if o[\'archive\'] == a_id][0]")\nwith open(\'/app/build_plan.py\', \'w\') as f: f.write(lines)\nEOF\npython3 /app/fix_plan3.py\npython3 /app/build_plan.py\nagilityctl lint /app/submission/migration-plan.json\n'] min_timeout_sec: 1.0 max_timeout_sec: 180.0
Trajectory dumped to /home/ubuntu/worktrees/def_tasks/tasksets/v3/incoming/codex/batch_9/006/.task-factory-runtime/jobs/codex_batch_9_006_qualification_r12_20260815_225832_004344/cryptographic_agility_pqc_migrat__gHRoRz4/agent/trajectory.json
Parser warnings: - Extra text detected before JSON object
- Extra text detected after JSON object
Sending keys: ["cat /app/action_log.json | jq '.[49:54]'\n"] min_timeout_sec: 0.2 max_timeout_sec: 180.0
Sending keys: ["cat /app/action_log.json | jq '.[57:66]'\n"] min_timeout_sec: 0.2 max_timeout_sec: 180.0
Sending keys: ["cat /app/action_log.json | jq '.[70:78]'\n"] min_timeout_sec: 0.2 max_timeout_sec: 180.0
Trajectory dumped to /home/ubuntu/worktrees/def_tasks/tasksets/v3/incoming/codex/batch_9/006/.task-factory-runtime/jobs/codex_batch_9_006_qualification_r12_20260815_225832_004344/cryptographic_agility_pqc_migrat__smwEXxf/agent/trajectory.json
Parser warnings: - Extra text detected before JSON object
- Extra text detected after JSON object
Sending keys: ['agilityctl rehearse /app/submission/migration-plan.json\n'] min_timeout_sec: 1.5 max_timeout_sec: 180.0
Trajectory dumped to /home/ubuntu/worktrees/def_tasks/tasksets/v3/incoming/codex/batch_9/006/.task-factory-runtime/jobs/codex_batch_9_006_qualification_r12_20260815_225832_004344/cryptographic_agility_pqc_migrat__gHRoRz4/agent/trajectory.json
Parser warnings: - Extra text detected before JSON object
- Extra text detected after JSON object
Sending keys: ['sed -i "s/\'ssh:ops-bastion\': \\[\'ssh-user-ca-ed\'\\],/\'ssh:ops-bastion\': [\'ssh-host-ed25519-c\', \'ssh-user-ca-ed\'],/" /app/plan_actions.py\n'] min_timeout_sec: 0.5 max_timeout_sec: 180.0
Sending keys: ['sed -i "s/\'archive:compliance\': \\[\'archive-wrap-hybrid-c\'\\]/\'signing:device-update\': [\'sign-release-ed\', \'sign-release-pq\'], \'archive:compliance\': [\'archive-wrap-hybrid-c\']/" /app/plan_actions.py\n'] min_timeout_sec: 0.5 max_timeout_sec: 180.0
Sending keys: ['python3 /app/plan_generator.py\nagilityctl lint /app/submission/migration-plan.json\nagilityctl rehearse /app/submission/migration-plan.json\n'] min_timeout_sec: 2.0 max_timeout_sec: 180.0
Trajectory dumped to /home/ubuntu/worktrees/def_tasks/tasksets/v3/incoming/codex/batch_9/006/.task-factory-runtime/jobs/codex_batch_9_006_qualification_r12_20260815_225832_004344/cryptographic_agility_pqc_migrat__smwEXxf/agent/trajectory.json
Parser warnings: - Extra text detected before JSON object
- Extra text detected after JSON object
Sending keys: ["cat << 'EOF' > generate_plan.py\nimport json, hashlib, hmac\n\ndef sha256(b): return hashlib.sha256(b).hexdigest()\ndef hmac256(k_hex, b): return hmac.new(bytes.fromhex(k_hex), b, hashlib.sha256).hexdigest()\n\ndef load_json(p): \n    with open(p) as f: return json.load(f)\ndef load_jsonl(p):\n    with open(p) as f: return [json.loads(l) for l in f if l.strip()]\n\nestate = load_json('/opt/crypto-case/case/estate.json')\ncaptured_at = estate['captured_at']\n\n# DEPENDENCIES AND FINDINGS\nevents = load_jsonl('/opt/crypto-case/case/deployment-events.jsonl')\nevents.sort(key=lambda x: x['time'])\nactive_subjects = {}\nfor ev in events:\n    if ev['time'] > captured_at: continue\n    subj = ev['subject']; cons = ev['consumer']\n    if ev['event'] == 'bind': active_subjects.setdefault(cons, set()).add(subj)\n    elif ev['event'] == 'unbind':\n        if cons in active_subjects and subj in active_subjects[cons]:\n            active_subjects[cons].remove(subj)\n\nobs = []\nobs.extend(load_jsonl('/opt/crypto-case/case/tls-negotiations.jsonl'))\nobs.extend(load_jsonl('/opt/crypto-case/case/signature-verifications.jsonl'))\nobs.extend(load_jsonl('/opt/crypto-case/case/ssh-sessions.jsonl'))\nvalid_obs = [o for o in obs if o['result'] == 'success' and o['observed_at'] <= captured_at]\nvalid_obs.sort(key=lambda x: x['observed_at'], reverse=True)\n\ndeps = []\nfor cons_info in estate['consumers']:\n    cons_id = cons_info['id']; surface = cons_info['surface']\n    if not cons_info.get('required') or surface.startswith('archive:'): continue\n    subjects = active_subjects.get(cons_id, set())\n    cons_algs = set(); cons_mats = set(); cons_ev = set()\n    for subj in subjects:\n        for o in valid_obs:\n            if o['surface'] == surface and o['subject'] == subj:\n                cons_algs.update(o['algorithms']); cons_mats.update(o.get('materials', [])); cons_ev.add(o['id'])\n                break\n    if cons_ev:\n        deps.append({'surface': surface, 'consumer': cons_id, 'effective_algorithms': sorted(list(cons_algs)), 'materials': sorted(list(cons_mats)), 'evidence': sorted(list(cons_ev))})\n\narchives = load_json('/opt/crypto-case/case/archives.json')\nfor arc in archives.get('archives', []):\n    deps.append({'surface': arc['surface'], 'consumer': arc['id'], 'effective_algorithms': sorted([arc['data_cipher'], arc['wrap_algorithm']]), 'materials': [arc['wrap_material']], 'evidence': [arc['evidence']]})\n\nincidents = load_json('/opt/crypto-case/case/incident-evidence.json')\ncompromised = set()\nfor inc in incidents.get('events', []):\n    if inc.get('confidence') == 'confirmed': compromised.add(inc['material'])\n\nmaterials_data = load_json('/opt/crypto-case/case/materials.json')\nretire = set()\nfor mat in materials_data.get('materials', []):\n    if mat.get('disposition') == 'retire_at_completion': retire.add(mat['id'])\n\nfindings = {'compromised_material': sorted(list(compromised)), 'retire_material': sorted(list(retire))}\n\n# FINAL POLICIES\nbase = load_json('/opt/crypto-case/case/policy-baseline.json')\nfinal_policies = base.get('surfaces', {})\n\n# BUILD ACTIONS\nactions = []\n\n# 1. Contain compromised signers\nfor c in findings['compromised_material']:\n    actions.append({'id': f'contain-{c}', 'op': 'contain_signer', 'material': c})\n\n# Material Selection (respecting max 2 private per domain):\n# vault-a: tls-api-2027, sign-release-ed\n# vault-b: ssh-user-ca-ed, archive-wrap-hybrid\n# vault-c: sign-release-pq-c, ssh-host-ed25519-c\n# Public: tls-root-2027\nstaged_mats = ['tls-root-2027', 'tls-api-2027', 'sign-release-ed', 'sign-release-pq-c', 'ssh-host-ed25519-c', 'ssh-user-ca-ed', 'archive-wrap-hybrid']\nfor m in staged_mats:\n    actions.append({'id': f'stage-{m}', 'op': 'stage_material', 'material': m})\n\n# Generate Plan JSON\nplan = {\n    'format_version': 1,\n    'case_id': estate['case_id'],\n    'findings': findings,\n    'dependencies': deps,\n    'final_policies': final_policies,\n    'actions': actions\n}\n\nwith open('/app/submission/migration-plan.json', 'w') as f:\n    json.dump(plan, f, indent=2)\nEOF\n"] min_timeout_sec: 0.1 max_timeout_sec: 180.0
Sending keys: ['python3 generate_plan.py && agilityctl rehearse /app/submission/migration-plan.json\n'] min_timeout_sec: 1.0 max_timeout_sec: 180.0
Trajectory dumped to /home/ubuntu/worktrees/def_tasks/tasksets/v3/incoming/codex/batch_9/006/.task-factory-runtime/jobs/codex_batch_9_006_qualification_r12_20260815_225832_004344/cryptographic_agility_pqc_migrat__BJuUBjG/agent/trajectory.json
Parser warnings: - Extra text detected before JSON object
- Extra text detected after JSON object
Trajectory dumped to /home/ubuntu/worktrees/def_tasks/tasksets/v3/incoming/codex/batch_9/006/.task-factory-runtime/jobs/codex_batch_9_006_qualification_r12_20260815_225832_004344/cryptographic_agility_pqc_migrat__smwEXxf/agent/trajectory.json
Parser warnings: - Extra text detected before JSON object
- Extra text detected after JSON object
Trajectory dumped to /home/ubuntu/worktrees/def_tasks/tasksets/v3/incoming/codex/batch_9/006/.task-factory-runtime/jobs/codex_batch_9_006_qualification_r12_20260815_225832_004344/cryptographic_agility_pqc_migrat__smwEXxf/agent/trajectory.json
Trajectory dumped to /home/ubuntu/worktrees/def_tasks/tasksets/v3/incoming/codex/batch_9/006/.task-factory-runtime/jobs/codex_batch_9_006_qualification_r12_20260815_225832_004344/cryptographic_agility_pqc_migrat__smwEXxf/agent/trajectory.json
Collecting main service artifacts
Parser warnings: - Extra text detected before JSON object
- Extra text detected after JSON object
Sending keys: ['cat /opt/crypto-case/case/compatibility.json\n'] min_timeout_sec: 0.2 max_timeout_sec: 180.0
Sending keys: ['cat /opt/crypto-case/case/execution-fixtures.json\n'] min_timeout_sec: 0.2 max_timeout_sec: 180.0
Trajectory dumped to /home/ubuntu/worktrees/def_tasks/tasksets/v3/incoming/codex/batch_9/006/.task-factory-runtime/jobs/codex_batch_9_006_qualification_r12_20260815_225832_004344/cryptographic_agility_pqc_migrat__BJuUBjG/agent/trajectory.json
Parser warnings: - Extra text detected before JSON object
- Extra text detected after JSON object
Sending keys: ['cat << \'EOF\' > /app/fix_plan4.py\nlines = open(\'/app/build_plan.py\').read()\n\n# Fix failure domains and batch for canary\nlines = lines.replace("\'failure_domains\': c[\'rollout\'][\'failure_domains\'] if ring == \'fleet\' else [c[\'rollout\'][\'failure_domains\'][0]],", "\'failure_domains\': c[\'rollout\'][\'failure_domains\'],")\nlines = lines.replace("\'batch\': {\'max_total\': 1, \'max_per_failure_domain\': 1}, # simple batch limits", "\'batch\': {\'max_total\': c[\'rollout\'][\'canary_max_per_failure_domain\'] * len(c[\'rollout\'][\'failure_domains\']), \'max_per_failure_domain\': c[\'rollout\'][\'canary_max_per_failure_domain\']},")\n\n# Fix configure_transition allowed_materials\nlines = lines.replace("[\'tls-root-2019\', \'tls-api-2024\', \'tls-root-2027\', \'tls-api-2027\']", "[\'tls-api-2024\', \'tls-api-2027\']")\nlines = lines.replace("[\'sign-release-ed\', \'sign-release-pq\']", "[\'sign-release-ed\', \'sign-release-pq\']") # unchanged, compromised rsa is excluded\nlines = lines.replace("[\'ssh-host-rsa1024\', \'ssh-user-ca-rsa\', \'ssh-host-ed25519-c\', \'ssh-user-ca-ed-c\']", "[\'ssh-host-rsa1024\', \'ssh-user-ca-rsa\', \'ssh-host-ed25519-c\', \'ssh-user-ca-ed-c\']")\n\nwith open(\'/app/build_plan.py\', \'w\') as f: f.write(lines)\nEOF\npython3 /app/fix_plan4.py\npython3 /app/build_plan.py\nagilityctl rehearse /app/submission/migration-plan.json\n'] min_timeout_sec: 1.5 max_timeout_sec: 180.0
Trajectory dumped to /home/ubuntu/worktrees/def_tasks/tasksets/v3/incoming/codex/batch_9/006/.task-factory-runtime/jobs/codex_batch_9_006_qualification_r12_20260815_225832_004344/cryptographic_agility_pqc_migrat__gHRoRz4/agent/trajectory.json
Parser warnings: - Extra text detected before JSON object
- Extra text detected after JSON object
Sending keys: ['cat << \'EOF\' > /app/generator.py\nimport json, hashlib, hmac\n\ndef sha256(b): return hashlib.sha256(b).hexdigest()\ndef hmac256(k_hex, b): return hmac.new(bytes.fromhex(k_hex), b, hashlib.sha256).hexdigest()\ndef hmac256_b(k_bin, b): return hmac.new(k_bin, b, hashlib.sha256).hexdigest()\n\ndef load_json(p): \n    with open(p) as f: return json.load(f)\ndef load_jsonl(p):\n    with open(p) as f: return [json.loads(l) for l in f if l.strip()]\n\nestate = load_json(\'/opt/crypto-case/case/estate.json\')\ncompat = load_json(\'/opt/crypto-case/case/compatibility.json\')\nfixtures = load_json(\'/opt/crypto-case/case/execution-fixtures.json\')\nobs_raw = load_jsonl(\'/opt/crypto-case/case/interruption-observations.jsonl\')\n\n# 1. DEPENDENCIES & FINDINGS\ncaptured_at = estate[\'captured_at\']\nevents = load_jsonl(\'/opt/crypto-case/case/deployment-events.jsonl\')\nevents.sort(key=lambda x: x[\'time\'])\nactive_subjects = {}\nfor ev in events:\n    if ev[\'time\'] > captured_at: continue\n    subj = ev[\'subject\']; cons = ev[\'consumer\']\n    if ev[\'event\'] == \'bind\': active_subjects.setdefault(cons, set()).add(subj)\n    elif ev[\'event\'] == \'unbind\':\n        if cons in active_subjects and subj in active_subjects[cons]:\n            active_subjects[cons].remove(subj)\n\nall_obs = []\nall_obs.extend(load_jsonl(\'/opt/crypto-case/case/tls-negotiations.jsonl\'))\nall_obs.extend(load_jsonl(\'/opt/crypto-case/case/signature-verifications.jsonl\'))\nall_obs.extend(load_jsonl(\'/opt/crypto-case/case/ssh-sessions.jsonl\'))\nvalid_obs = [o for o in all_obs if o[\'result\'] == \'success\' and o[\'observed_at\'] <= captured_at]\nvalid_obs.sort(key=lambda x: x[\'observed_at\'], reverse=True)\n\ndeps = []\nfor cons_info in estate[\'consumers\']:\n    cons_id = cons_info[\'id\']; surface = cons_info[\'surface\']\n    if not cons_info.get(\'required\') or surface.startswith(\'archive:\'): continue\n    subjects = active_subjects.get(cons_id, set())\n    cons_algs = set(); cons_mats = set(); cons_ev = set()\n    for subj in subjects:\n        for o in valid_obs:\n            if o[\'surface\'] == surface and o[\'subject\'] == subj:\n                cons_algs.update(o[\'algorithms\']); cons_mats.update(o.get(\'materials\', [])); cons_ev.add(o[\'id\'])\n                break\n    if cons_ev:\n        deps.append({\'surface\': surface, \'consumer\': cons_id, \'effective_algorithms\': sorted(list(cons_algs)), \'materials\': sorted(list(cons_mats)), \'evidence\': sorted(list(cons_ev))})\n\narchives = load_json(\'/opt/crypto-case/case/archives.json\')\nfor arc in archives.get(\'archives\', []):\n    deps.append({\'surface\': arc[\'surface\'], \'consumer\': arc[\'id\'], \'effective_algorithms\': sorted([arc[\'data_cipher\'], arc[\'wrap_algorithm\']]), \'materials\': [arc[\'wrap_material\']], \'evidence\': [arc[\'evidence\']]})\n\nincidents = load_json(\'/opt/crypto-case/case/incident-evidence.json\')\ncompromised = set()\nfor inc in incidents.get(\'events\', []):\n    if inc.get(\'confidence\') == \'confirmed\' and inc.get(\'type\') in [\'material_export\', \'unauthorized_signing_session\']:\n        compromised.add(inc[\'material\'])\n\nmaterials_data = load_json(\'/opt/crypto-case/case/materials.json\')\nretire = set()\nfor mat in materials_data.get(\'materials\', []):\n    if mat.get(\'disposition\') == \'retire_at_completion\': retire.add(mat[\'id\'])\n\nfindings = {\'compromised_material\': sorted(list(compromised)), \'retire_material\': sorted(list(retire))}\n\nbase = load_json(\'/opt/crypto-case/case/policy-baseline.json\')\nfinal_policies = base.get(\'surfaces\', {})\n\n# 2. ACTIONS SETUP\nactions = []\nact_id = 1\ndef add_act(a): global act_id; a[\'id\'] = f"a{act_id}"; act_id += 1; actions.append(a)\n\nfor c in findings[\'compromised_material\']:\n    add_act({\'op\': \'contain_signer\', \'material\': c})\n\nstaged_mats = [\'tls-root-2027\', \'tls-api-2027\', \'sign-release-ed\', \'sign-release-pq-c\', \'ssh-host-ed25519-c\', \'ssh-user-ca-ed\', \'archive-wrap-hybrid\']\nfor m in staged_mats:\n    add_act({\'op\': \'stage_material\', \'material\': m})\n\n# Prepare transitions\ntransition_configs = {\n    \'tls:telemetry-api\': [\'tls-api-2024\', \'tls-api-2027\'],\n    \'signing:device-update\': [\'sign-release-ed\', \'sign-release-pq-c\'],\n    \'ssh:ops-bastion\': [\'ssh-host-rsa1024\', \'ssh-user-ca-rsa\', \'ssh-host-ed25519-c\', \'ssh-user-ca-ed\']\n}\n\n# Find target versions for each consumer\ndef get_target_package(consumer_version, surface):\n    for pkg in compat.get(\'offline_recovery_packages\', []):\n        if pkg.get(\'from\') == consumer_version:\n            return pkg\n    return None\n\nEOF\n'] min_timeout_sec: 0.1 max_timeout_sec: 180.0
Sending keys: ["cat << 'EOF' >> /app/generator.py\n# Dump to JSON to verify the first half\nimport sys\n# print(json.dumps({'deps': deps, 'findings': findings}))\nEOF\n"] min_timeout_sec: 0.1 max_timeout_sec: 180.0
Trajectory dumped to /home/ubuntu/worktrees/def_tasks/tasksets/v3/incoming/codex/batch_9/006/.task-factory-runtime/jobs/codex_batch_9_006_qualification_r12_20260815_225832_004344/cryptographic_agility_pqc_migrat__BJuUBjG/agent/trajectory.json
Parser warnings: - Extra text detected before JSON object
- Extra text detected after JSON object
Sending keys: ["jq '.packages[] | {id, from, to, image_digest}' /opt/crypto-case/case/compatibility.json\n"] min_timeout_sec: 0.2 max_timeout_sec: 180.0
Sending keys: ['jq \'.materials[] | select(.role=="wrapping_key") | {id, rewrap_share_hex}\' /opt/crypto-case/case/materials.json\n'] min_timeout_sec: 0.2 max_timeout_sec: 180.0
Sending keys: ["jq '.archive_objects' /opt/crypto-case/case/execution-fixtures.json\n"] min_timeout_sec: 0.2 max_timeout_sec: 180.0
Trajectory dumped to /home/ubuntu/worktrees/def_tasks/tasksets/v3/incoming/codex/batch_9/006/.task-factory-runtime/jobs/codex_batch_9_006_qualification_r12_20260815_225832_004344/cryptographic_agility_pqc_migrat__BJuUBjG/agent/trajectory.json
Parser warnings: - Extra text detected before JSON object
- Extra text detected after JSON object
Sending keys: ['cat << \'EOF\' > /app/generate_plan.py\nimport json, hashlib, hmac\n\ndef load_json(p):\n    with open(p) as f: return json.load(f)\ndef load_jsonl(p):\n    with open(p) as f: return [json.loads(l) for l in f if l.strip()]\n\ndef sha256_b(b): return hashlib.sha256(b).hexdigest()\ndef hmac256_b(k_bin, b): return hmac.new(k_bin, b, hashlib.sha256).hexdigest()\ndef hmac256_hex(k_hex, b): return hmac.new(bytes.fromhex(k_hex), b, hashlib.sha256).hexdigest()\n\nestate = load_json(\'/opt/crypto-case/case/estate.json\')\ncompat = load_json(\'/opt/crypto-case/case/compatibility.json\')\nfixtures = load_json(\'/opt/crypto-case/case/execution-fixtures.json\')\nobs_raw = load_jsonl(\'/opt/crypto-case/case/interruption-observations.jsonl\')\narchives_data = load_json(\'/opt/crypto-case/case/archives.json\')[\'archives\']\nincidents = load_json(\'/opt/crypto-case/case/incident-evidence.json\')\nmaterials_data = load_json(\'/opt/crypto-case/case/materials.json\')[\'materials\']\nbase_policy = load_json(\'/opt/crypto-case/case/policy-baseline.json\')\n\n# FINDINGS & DEPS\ncaptured_at = estate[\'captured_at\']\nevents = sorted(load_jsonl(\'/opt/crypto-case/case/deployment-events.jsonl\'), key=lambda x: x[\'time\'])\nactive_subjects = {}\nfor ev in events:\n    if ev[\'time\'] > captured_at: continue\n    subj = ev[\'subject\']; cons = ev[\'consumer\']\n    if ev[\'event\'] == \'bind\': active_subjects.setdefault(cons, set()).add(subj)\n    elif ev[\'event\'] == \'unbind\':\n        if cons in active_subjects and subj in active_subjects[cons]: active_subjects[cons].remove(subj)\n\nall_obs = load_jsonl(\'/opt/crypto-case/case/tls-negotiations.jsonl\') + load_jsonl(\'/opt/crypto-case/case/signature-verifications.jsonl\') + load_jsonl(\'/opt/crypto-case/case/ssh-sessions.jsonl\')\nvalid_obs = sorted([o for o in all_obs if o[\'result\'] == \'success\' and o[\'observed_at\'] <= captured_at], key=lambda x: x[\'observed_at\'], reverse=True)\n\ndeps = []\nfor c in estate[\'consumers\']:\n    if not c.get(\'required\') or c[\'surface\'].startswith(\'archive:\'): continue\n    subs = active_subjects.get(c[\'id\'], set())\n    c_algs = set(); c_mats = set(); c_ev = set()\n    for s in subs:\n        for o in valid_obs:\n            if o[\'surface\'] == c[\'surface\'] and o[\'subject\'] == s:\n                c_algs.update(o[\'algorithms\']); c_mats.update(o.get(\'materials\', [])); c_ev.add(o[\'id\'])\n                break\n    if c_ev: deps.append({\'surface\': c[\'surface\'], \'consumer\': c[\'id\'], \'effective_algorithms\': sorted(list(c_algs)), \'materials\': sorted(list(c_mats)), \'evidence\': sorted(list(c_ev))})\n\nfor arc in archives_data:\n    deps.append({\'surface\': arc[\'surface\'], \'consumer\': arc[\'id\'], \'effective_algorithms\': sorted([arc[\'data_cipher\'], arc[\'wrap_algorithm\']]), \'materials\': [arc[\'wrap_material\']], \'evidence\': [arc[\'evidence\']]})\n\ncomp_mats = {inc[\'material\'] for inc in incidents.get(\'events\', []) if inc.get(\'confidence\') == \'confirmed\' and inc.get(\'type\') in [\'material_export\', \'unauthorized_signing_session\']}\nretire_mats = {m[\'id\'] for m in materials_data if m.get(\'disposition\') == \'retire_at_completion\'}\nfindings = {\'compromised_material\': sorted(list(comp_mats)), \'retire_material\': sorted(list(retire_mats))}\nfinal_policies = base_policy.get(\'surfaces\', {})\n\nactions = []\nact_idx = 1\ndef add_act(a): global act_idx; a[\'id\'] = f"act-{act_idx}"; act_idx += 1; actions.append(a)\n\nfor c in findings[\'compromised_material\']: add_act({\'op\': \'contain_signer\', \'material\': c})\n\n# Staging materials (selecting vault-a, vault-b, public limits)\nstaged_mats = [\'tls-root-2027\', \'tls-api-2027\', \'sign-release-ed\', \'sign-release-pq-c\', \'ssh-host-ed25519-c\', \'ssh-user-ca-ed\', \'archive-wrap-hybrid\']\nfor m in staged_mats: add_act({\'op\': \'stage_material\', \'material\': m})\n\ntransition_cfg = {\n    \'tls:telemetry-api\': [\'tls-api-2024\', \'tls-api-2027\'],\n    \'signing:device-update\': [\'sign-release-ed\', \'sign-release-pq-c\'],\n    \'ssh:ops-bastion\': [\'ssh-host-rsa1024\', \'ssh-user-ca-rsa\', \'ssh-host-ed25519-c\', \'ssh-user-ca-ed\']\n}\n\n# Upgrade targets\nupgrades = {\n    \'tls-field-north\': \'upgrade-gw-north-6.2\', \'tls-field-south\': \'upgrade-gw-5.4\',\n    \'tls-batch-export\': \'upgrade-export-3.0\', \'sign-plant-alpha\': \'upgrade-boot-v3\',\n    \'sign-plant-beta\': \'upgrade-boot-v3\', \'ssh-oncall\': \'upgrade-ssh-9.6\',\n    \'ssh-automation\': None, # ssh-9.3 already ok?\n    \'archive-recovery\': \'upgrade-restore-2.0\', \'archive-audit\': \'upgrade-restore-2.0\'\n}\n\n# Re-check ssh-automation. version is ssh-9.3. \n# Target is SSH_ED25519 for both host and ca. We might need ssh-9.6. \n# Actually 9.3 supports it, so let\'s check rehearsal. If it complains we will fix it.\n\ndef get_pkg(pid):\n    for p in compat[\'packages\']: \n        if p[\'id\'] == pid: return p\n    return None\n\ncutoff = fixtures[\'interruption_capture_cutoff\']\nobs_valid = [o for o in obs_raw if o[\'result\'] == \'captured\' and o[\'observed_at\'] <= cutoff]\nobs_valid.sort(key=lambda x: (x[\'observed_at\'], x[\'id\']), reverse=True)\n\ndef diagnose(st, permits_reimage):\n    wp = st.get(\'write_phase\'); ji = st.get(\'journal_integrity\'); ni = st.get(\'new_image_integrity\')\n    rt = st.get(\'resume_token\'); rs = st.get(\'rollback_snapshot\'); ic = st.get(\'image_cache\')\n    if wp == \'not_started\': return \'retry_same_image\'\n    if wp == \'complete_uncommitted\' and ji == \'valid\' and ni == \'verified\' and rt == \'valid\': return \'resume_commit\'\n    if rs == \'verified\': return \'rollback_then_retry\'\n    if ic == \'verified\' and permits_reimage: return \'reimage_then_retry\'\n    return None\n\ncanary_receipts = {}\nfor ring in [\'canary\', \'fleet\']:\n    for cons in estate[\'consumers\']:\n        cid = cons[\'id\']\n        pid = upgrades.get(cid)\n        if not pid: continue\n        pkg = get_pkg(pid)\n        fd = cons[\'rollout\'][\'failure_domains\']\n        if ring == \'canary\': \n            max_pd = cons[\'rollout\'][\'canary_max_per_failure_domain\']\n            batch = {\'max_total\': max_pd * len(fd), \'max_per_failure_domain\': max_pd}\n        else:\n            batch = {\'max_total\': cons[\'availability\'][\'max_total_offline\'], \'max_per_failure_domain\': cons[\'availability\'][\'max_per_failure_domain\']}\n        \n        add_act({\'op\': \'upgrade_consumer\', \'consumer\': cid, \'package\': pid, \'ring\': ring, \'failure_domains\': fd, \'batch\': batch, \'on_interrupt\': cons[\'rollout\'][\'on_interrupt\']})\n        \n        # Gate\n        seed = next(s[\'state_seed_hex\'] for s in fixtures[\'upgrade_states\'] if s[\'consumer\'] == cid)\n        base_ctx = f"{cid}\\x00{ring}\\x00{pid}\\x00{pkg[\'to_version\']}\\x00{pkg[\'image_digest\']}".encode(\'utf-8\')\n        base_key = sha256_b(bytes.fromhex(seed) + base_ctx)\n        if ring == \'canary\':\n            parent = sha256_b(b"captured-v2\\x00" + bytes.fromhex(seed))\n        else:\n            parent = canary_receipts[cid]\n            \n        steps = []\n        for fp in fixtures[\'fault_points\']:\n            ob = next((o for o in obs_valid if o[\'consumer\'] == cid and o[\'ring\'] == ring and o[\'package\'] == pid and o[\'fault_point\'] == fp), None)\n            if not ob: continue\n            state_str = json.dumps(ob[\'state\'], sort_keys=True, separators=(",", ":"))\n            s_digest = sha256_b(state_str.encode(\'utf-8\'))\n            dec = diagnose(ob[\'state\'], cons[\'rollout\'].get(\'reimage_allowed\', False))\n            if not dec: continue\n            wu = fixtures[\'recovery_action_work_units\'][dec]\n            msg = f"recover-v2\\x00{parent}\\x00{fp}\\x00{ob[\'id\']}\\x00{s_digest}\\x00{dec}\\x00{wu}".encode(\'utf-8\')\n            receipt = hmac256_b(bytes.fromhex(base_key), msg)\n            parent = receipt\n            steps.append({\'fault_point\': fp, \'evidence\': ob[\'id\'], \'decision\': dec, \'work_units\': wu, \'receipt\': receipt})\n        \n        if ring == \'canary\': canary_receipts[cid] = parent\n        add_act({\'op\': \'upgrade_gate\', \'consumer\': cid, \'ring\': ring, \'package\': pid, \'expected_version\': pkg[\'to_version\'], \'recovery_steps\': steps})\n\n    # Distribute trust & configure transition for canary\n    for cons in estate[\'consumers\']:\n        cid = cons[\'id\']; sur = cons[\'surface\']\n        if sur == \'tls:telemetry-api\': \n            add_act({\'op\': \'distribute_trust\', \'consumer\': cid, \'ring\': ring, \'material\': \'tls-root-2027\'})\n            if cid == \'tls-field-north\': add_act({\'op\': \'activate_material\', \'surface\': sur, \'material\': \'tls-api-2027\'})\n        elif sur == \'signing:device-update\':\n            add_act({\'op\': \'distribute_trust\', \'consumer\': cid, \'ring\': ring, \'material\': \'sign-release-ed\'})\n            add_act({\'op\': \'distribute_trust\', \'consumer\': cid, \'ring\': ring, \'material\': \'sign-release-pq-c\'})\n        elif sur == \'ssh:ops-bastion\':\n            add_act({\'op\': \'distribute_trust\', \'consumer\': cid, \'ring\': ring, \'material\': \'ssh-host-ed25519-c\'})\n    \n    if ring == \'canary\':\n        for sur, mats in transition_cfg.items():\n            add_act({\'op\': \'configure_transition\', \'surface\': sur, \'allowed_materials\': mats})\n            \n    for cons in estate[\'consumers\']:\n        if cons[\'surface\'].startswith(\'archive:\'): continue\n        add_act({\'op\': \'workflow_gate\', \'surface\': cons[\'surface\'], \'consumer\': cons[\'id\'], \'ring\': ring, \'profile\': \'target\'})\n\n# Archives\nadd_act({\'op\': \'activate_material\', \'surface\': \'archive:compliance\', \'material\': \'archive-wrap-hybrid\'})\nfor arc in archives_data:\n    aid = arc[\'id\']\n    obj = next(o for o in fixtures[\'archive_objects\'] if o[\'archive\'] == aid)\n    mat = next(m for m in materials_data if m[\'id\'] == \'archive-wrap-hybrid\')\n    ctx = f"{aid}\\x00{final_policies[\'archive:compliance\'][\'data_cipher\']}\\x00archive-wrap-hybrid\\x00{arc[\'digest\']}".encode(\'utf-8\')\n    msg = bytes.fromhex(obj[\'legacy_envelope_hex\']) + bytes.fromhex(obj[\'object_nonce_hex\']) + ctx\n    nenv = hmac256_hex(mat[\'rewrap_share_hex\'], msg)\n    proof = hmac256_hex(nenv, b"restore-v1\\x00" + ctx)\n    add_act({\'op\': \'migrate_archive\', \'archive\': aid, \'data_cipher\': final_policies[\'archive:compliance\'][\'data_cipher\'], \'wrap_material\': \'archive-wrap-hybrid\', \'mode\': arc[\'migration_mode\'], \'new_envelope_hex\': nenv, \'restore_proof\': proof})\n    add_act({\'op\': \'archive_gate\', \'archive\': aid, \'consumers\': arc[\'required_consumers\'], \'expected_digest\': arc[\'digest\']})\n\nfor sur in final_policies:\n    add_act({\'op\': \'set_final_policy\', \'surface\': sur})\nfor r in findings[\'retire_material\']:\n    add_act({\'op\': \'retire_material\', \'material\': r})\n\nplan = {\'format_version\': 1, \'case_id\': estate[\'case_id\'], \'findings\': findings, \'dependencies\': deps, \'final_policies\': final_policies, \'actions\': actions}\nwith open(\'/app/submission/migration-plan.json\', \'w\') as f: json.dump(plan, f, indent=2)\nEOF\n'] min_timeout_sec: 0.2 max_timeout_sec: 180.0
Sending keys: ['python3 /app/generate_plan.py && agilityctl rehearse /app/submission/migration-plan.json\n'] min_timeout_sec: 1.0 max_timeout_sec: 180.0
Trajectory dumped to /home/ubuntu/worktrees/def_tasks/tasksets/v3/incoming/codex/batch_9/006/.task-factory-runtime/jobs/codex_batch_9_006_qualification_r12_20260815_225832_004344/cryptographic_agility_pqc_migrat__BJuUBjG/agent/trajectory.json
Parser warnings: - Extra text detected before JSON object
- Extra text detected after JSON object
Sending keys: ['sed -i "s/pkg\\[\'to_version\'\\]/pkg\\[\'to\'\\]/g" /app/generate_plan.py\n'] min_timeout_sec: 0.1 max_timeout_sec: 180.0
Sending keys: ['python3 /app/generate_plan.py && agilityctl rehearse /app/submission/migration-plan.json\n'] min_timeout_sec: 1.0 max_timeout_sec: 180.0
Trajectory dumped to /home/ubuntu/worktrees/def_tasks/tasksets/v3/incoming/codex/batch_9/006/.task-factory-runtime/jobs/codex_batch_9_006_qualification_r12_20260815_225832_004344/cryptographic_agility_pqc_migrat__BJuUBjG/agent/trajectory.json
Parser warnings: - Extra text detected before JSON object
- Extra text detected after JSON object
Sending keys: ['cat << \'EOF\' > /app/fix_plan5.py\nlines = open(\'/app/build_plan.py\').read()\n\npolicy_str = """\nfinal_policies = {\n    \'tls:telemetry-api\': {\n        \'minimum_protocol\': \'TLS1.3\',\n        \'allowed_kex\': [\'X25519_MLKEM768\'],\n        \'allowed_server_credentials\': [\'tls-api-2027\'],\n        \'trusted_roots\': [\'tls-root-2027\'],\n        \'reject_downgrade\': True\n    },\n    \'signing:device-update\': {\n        \'required_signers\': [\'sign-release-ed\', \'sign-release-pq\'],\n        \'allowed_algorithms\': [\'ED25519\', \'ML_DSA_65\'],\n        \'threshold\': 2,\n        \'context\': \'helios-release-v2\',\n        \'reject_revoked\': True\n    },\n    \'ssh:ops-bastion\': {\n        \'allowed_host_keys\': [\'ssh-host-ed25519-c\'],\n        \'allowed_user_cas\': [\'ssh-user-ca-ed-c\'],\n        \'allowed_signature_algorithms\': [\'SSH_ED25519\'],\n        \'strict_host_identity\': True,\n        \'reject_sha1\': True\n    },\n    \'archive:compliance\': {\n        \'data_cipher\': \'AES_256_GCM\',\n        \'wrap_algorithm\': \'X25519_MLKEM768\',\n        \'wrap_material\': \'archive-wrap-hybrid\',\n        \'require_aead\': True\n    }\n}\n"""\n\nlines = lines.replace("final_policies = baseline[\'surfaces\']", policy_str)\nwith open(\'/app/build_plan.py\', \'w\') as f: f.write(lines)\nEOF\npython3 /app/fix_plan5.py\npython3 /app/build_plan.py\nagilityctl rehearse /app/submission/migration-plan.json\n'] min_timeout_sec: 1.5 max_timeout_sec: 180.0
Trajectory dumped to /home/ubuntu/worktrees/def_tasks/tasksets/v3/incoming/codex/batch_9/006/.task-factory-runtime/jobs/codex_batch_9_006_qualification_r12_20260815_225832_004344/cryptographic_agility_pqc_migrat__gHRoRz4/agent/trajectory.json
Parser warnings: - Extra text detected before JSON object
- Extra text detected after JSON object
Sending keys: ['cat /opt/crypto-case/docs/plan-schema.md | grep -A 20 "## Actions"\n'] min_timeout_sec: 0.1 max_timeout_sec: 180.0
Trajectory dumped to /home/ubuntu/worktrees/def_tasks/tasksets/v3/incoming/codex/batch_9/006/.task-factory-runtime/jobs/codex_batch_9_006_qualification_r12_20260815_225832_004344/cryptographic_agility_pqc_migrat__BJuUBjG/agent/trajectory.json
Parser warnings: - Extra text detected before JSON object
- Extra text detected after JSON object
Trajectory dumped to /home/ubuntu/worktrees/def_tasks/tasksets/v3/incoming/codex/batch_9/006/.task-factory-runtime/jobs/codex_batch_9_006_qualification_r12_20260815_225832_004344/cryptographic_agility_pqc_migrat__gHRoRz4/agent/trajectory.json
Parser warnings: - Extra text detected before JSON object
- Extra text detected after JSON object
Trajectory dumped to /home/ubuntu/worktrees/def_tasks/tasksets/v3/incoming/codex/batch_9/006/.task-factory-runtime/jobs/codex_batch_9_006_qualification_r12_20260815_225832_004344/cryptographic_agility_pqc_migrat__gHRoRz4/agent/trajectory.json
Trajectory dumped to /home/ubuntu/worktrees/def_tasks/tasksets/v3/incoming/codex/batch_9/006/.task-factory-runtime/jobs/codex_batch_9_006_qualification_r12_20260815_225832_004344/cryptographic_agility_pqc_migrat__gHRoRz4/agent/trajectory.json
Collecting main service artifacts
Parser warnings: - Extra text detected before JSON object
- Extra text detected after JSON object
Sending keys: ['cat << \'EOF\' > /app/generate_plan.py\nimport json, hashlib, hmac\n\ndef load_json(p):\n    with open(p) as f: return json.load(f)\ndef load_jsonl(p):\n    with open(p) as f: return [json.loads(l) for l in f if l.strip()]\n\ndef sha256_b(b): return hashlib.sha256(b).hexdigest()\ndef hmac256_b(k_bin, b): return hmac.new(k_bin, b, hashlib.sha256).hexdigest()\ndef hmac256_hex(k_hex, b): return hmac.new(bytes.fromhex(k_hex), b, hashlib.sha256).hexdigest()\n\nestate = load_json(\'/opt/crypto-case/case/estate.json\')\ncompat = load_json(\'/opt/crypto-case/case/compatibility.json\')\nfixtures = load_json(\'/opt/crypto-case/case/execution-fixtures.json\')\nobs_raw = load_jsonl(\'/opt/crypto-case/case/interruption-observations.jsonl\')\narchives_data = load_json(\'/opt/crypto-case/case/archives.json\')[\'archives\']\nincidents = load_json(\'/opt/crypto-case/case/incident-evidence.json\')\nmaterials_data = load_json(\'/opt/crypto-case/case/materials.json\')[\'materials\']\nbase_policy = load_json(\'/opt/crypto-case/case/policy-baseline.json\')\n\n# FINDINGS & DEPS\ncaptured_at = estate[\'captured_at\']\nevents = sorted(load_jsonl(\'/opt/crypto-case/case/deployment-events.jsonl\'), key=lambda x: x[\'time\'])\nactive_subjects = {}\nfor ev in events:\n    if ev[\'time\'] > captured_at: continue\n    subj = ev[\'subject\']; cons = ev[\'consumer\']\n    if ev[\'event\'] == \'bind\': active_subjects.setdefault(cons, set()).add(subj)\n    elif ev[\'event\'] == \'unbind\':\n        if cons in active_subjects and subj in active_subjects[cons]: active_subjects[cons].remove(subj)\n\nall_obs = load_jsonl(\'/opt/crypto-case/case/tls-negotiations.jsonl\') + load_jsonl(\'/opt/crypto-case/case/signature-verifications.jsonl\') + load_jsonl(\'/opt/crypto-case/case/ssh-sessions.jsonl\')\nvalid_obs = sorted([o for o in all_obs if o[\'result\'] == \'success\' and o[\'observed_at\'] <= captured_at], key=lambda x: x[\'observed_at\'], reverse=True)\n\ndeps = []\nfor c in estate[\'consumers\']:\n    if not c.get(\'required\') or c[\'surface\'].startswith(\'archive:\'): continue\n    subs = active_subjects.get(c[\'id\'], set())\n    c_algs = set(); c_mats = set(); c_ev = set()\n    for s in subs:\n        for o in valid_obs:\n            if o[\'surface\'] == c[\'surface\'] and o[\'subject\'] == s:\n                c_algs.update(o[\'algorithms\']); c_mats.update(o.get(\'materials\', [])); c_ev.add(o[\'id\'])\n                break\n    if c_ev: deps.append({\'surface\': c[\'surface\'], \'consumer\': c[\'id\'], \'effective_algorithms\': sorted(list(c_algs)), \'materials\': sorted(list(c_mats)), \'evidence\': sorted(list(c_ev))})\n\nfor arc in archives_data:\n    deps.append({\'surface\': arc[\'surface\'], \'consumer\': arc[\'id\'], \'effective_algorithms\': sorted([arc[\'data_cipher\'], arc[\'wrap_algorithm\']]), \'materials\': [arc[\'wrap_material\']], \'evidence\': [arc[\'evidence\']]})\n\ncomp_mats = {inc[\'material\'] for inc in incidents.get(\'events\', []) if inc.get(\'confidence\') == \'confirmed\'}\nretire_mats = {m[\'id\'] for m in materials_data if m.get(\'disposition\') == \'retire_at_completion\'}\nfindings = {\'compromised_material\': sorted(list(comp_mats)), \'retire_material\': sorted(list(retire_mats))}\nfinal_policies = base_policy.get(\'surfaces\', {})\n\nactions = []\nact_idx = 1\ndef add_act(a): global act_idx; a[\'id\'] = f"act-{act_idx}"; act_idx += 1; actions.append(a)\n\nfor c in findings[\'compromised_material\']: add_act({\'op\': \'contain_signer\', \'material\': c})\n\nstaged_mats = [\'tls-root-2027\', \'tls-api-2027\', \'sign-release-ed\', \'sign-release-pq-c\', \'ssh-host-ed25519-c\', \'ssh-user-ca-ed\', \'archive-wrap-hybrid\']\nfor m in staged_mats: add_act({\'op\': \'stage_material\', \'material\': m})\n\nupgrades = {\n    \'tls-field-north\': \'upgrade-gw-north-6.2\', \'tls-field-south\': \'upgrade-gw-5.4\',\n    \'tls-batch-export\': \'upgrade-export-3.0\', \'sign-plant-alpha\': \'upgrade-boot-v3\',\n    \'sign-plant-beta\': \'upgrade-boot-v3\', \'ssh-oncall\': \'upgrade-ssh-9.6\',\n    \'ssh-automation\': None, \'archive-recovery\': \'upgrade-restore-2.0\', \'archive-audit\': \'upgrade-restore-2.0\'\n}\n\ndef get_pkg(pid):\n    return next((p for p in compat[\'packages\'] if p[\'id\'] == pid), None)\n\ncutoff = fixtures[\'interruption_capture_cutoff\']\nobs_valid = [o for o in obs_raw if o[\'result\'] == \'captured\' and o[\'observed_at\'] <= cutoff]\nobs_valid.sort(key=lambda x: (x[\'observed_at\'], x[\'id\']), reverse=True)\n\ndef diagnose(st, permits_reimage):\n    wp = st.get(\'write_phase\'); ji = st.get(\'journal_integrity\'); ni = st.get(\'new_image_integrity\')\n    rt = st.get(\'resume_token\'); rs = st.get(\'rollback_snapshot\'); ic = st.get(\'image_cache\')\n    if wp == \'not_started\': return \'retry_same_image\'\n    if wp == \'complete_uncommitted\' and ji == \'valid\' and ni == \'verified\' and rt == \'valid\': return \'resume_commit\'\n    if rs == \'verified\': return \'rollback_then_retry\'\n    if ic == \'verified\' and permits_reimage: return \'reimage_then_retry\'\n    return None\n\ncanary_receipts = {}\nfor ring in [\'canary\', \'fleet\']:\n    for cons in estate[\'consumers\']:\n        cid = cons[\'id\']\n        pid = upgrades.get(cid)\n        if pid:\n            pkg = get_pkg(pid)\n            fd = cons[\'rollout\'][\'failure_domains\']\n            if ring == \'canary\': \n                max_pd = cons[\'rollout\'][\'canary_max_per_failure_domain\']\n                batch = {\'max_total\': max_pd * len(fd), \'max_per_failure_domain\': max_pd}\n            else:\n                batch = {\'max_total\': cons[\'availability\'][\'max_total_offline\'], \'max_per_failure_domain\': cons[\'availability\'][\'max_per_failure_domain\']}\n            \n            add_act({\'op\': \'upgrade_consumer\', \'consumer\': cid, \'package\': pid, \'ring\': ring, \'failure_domains\': fd, \'batch\': batch, \'on_interrupt\': cons[\'rollout\'][\'on_interrupt\']})\n            \n            seed = next(s[\'state_seed_hex\'] for s in fixtures[\'upgrade_states\'] if s[\'consumer\'] == cid)\n            base_ctx = f"{cid}\\x00{ring}\\x00{pid}\\x00{pkg[\'to\']}\\x00{pkg[\'image_digest\']}".encode(\'utf-8\')\n            base_key = sha256_b(bytes.fromhex(seed) + base_ctx)\n            if ring == \'canary\':\n                parent = sha256_b(b"captured-v2\\x00" + bytes.fromhex(seed))\n            else:\n                parent = canary_receipts[cid]\n                \n            steps = []\n            for fp in fixtures[\'fault_points\']:\n                ob = next((o for o in obs_valid if o[\'consumer\'] == cid and o[\'ring\'] == ring and o[\'package\'] == pid and o[\'fault_point\'] == fp), None)\n                if not ob: continue\n                state_str = json.dumps(ob[\'state\'], sort_keys=True, separators=(",", ":"))\n                s_digest = sha256_b(state_str.encode(\'utf-8\'))\n                dec = diagnose(ob[\'state\'], cons[\'rollout\'].get(\'reimage_allowed\', False))\n                if not dec: continue\n                wu = fixtures[\'recovery_action_work_units\'][dec]\n                msg = f"recover-v2\\x00{parent}\\x00{fp}\\x00{ob[\'id\']}\\x00{s_digest}\\x00{dec}\\x00{wu}".encode(\'utf-8\')\n                receipt = hmac256_b(bytes.fromhex(base_key), msg)\n                parent = receipt\n                steps.append({\'fault_point\': fp, \'evidence\': ob[\'id\'], \'decision\': dec, \'work_units\': wu, \'receipt\': receipt})\n            \n            if ring == \'canary\': canary_receipts[cid] = parent\n            add_act({\'op\': \'upgrade_gate\', \'consumer\': cid, \'ring\': ring, \'package\': pid, \'expected_version\': pkg[\'to\'], \'recovery_steps\': steps})\n\n        # Distribute trust to this ring\n        sur = cons[\'surface\']\n        if sur == \'tls:telemetry-api\': \n            add_act({\'op\': \'distribute_trust\', \'consumer\': cid, \'ring\': ring, \'material\': \'tls-root-2027\'})\n        elif sur == \'signing:device-update\':\n            add_act({\'op\': \'distribute_trust\', \'consumer\': cid, \'ring\': ring, \'material\': \'sign-release-ed\'})\n            add_act({\'op\': \'distribute_trust\', \'consumer\': cid, \'ring\': ring, \'material\': \'sign-release-pq-c\'})\n        elif sur == \'ssh:ops-bastion\':\n            add_act({\'op\': \'distribute_trust\', \'consumer\': cid, \'ring\': ring, \'material\': \'ssh-host-ed25519-c\'})\n\n# Activate server credentials, host keys, user CAs\nadd_act({\'op\': \'activate_material\', \'surface\': \'tls:telemetry-api\', \'material\': \'tls-api-2027\'})\nadd_act({\'op\': \'activate_material\', \'surface\': \'signing:device-update\', \'material\': \'sign-release-ed\'})\nadd_act({\'op\': \'activate_material\', \'surface\': \'signing:device-update\', \'material\': \'sign-release-pq-c\'})\nadd_act({\'op\': \'activate_material\', \'surface\': \'ssh:ops-bastion\', \'material\': \'ssh-host-ed25519-c\'})\nadd_act({\'op\': \'activate_material\', \'surface\': \'ssh:ops-bastion\', \'material\': \'ssh-user-ca-ed\'})\nadd_act({\'op\': \'activate_material\', \'surface\': \'archive:compliance\', \'material\': \'archive-wrap-hybrid\'})\n\n# Configure Transitions\ntransition_cfg = {\n    \'tls:telemetry-api\': [\'tls-api-2024\', \'tls-api-2027\'],\n    \'signing:device-update\': [\'sign-release-ed\', \'sign-release-pq-c\'],\n    \'ssh:ops-bastion\': [\'ssh-host-rsa1024\', \'ssh-user-ca-rsa\', \'ssh-host-ed25519-c\', \'ssh-user-ca-ed\']\n}\nfor sur, mats in transition_cfg.items():\n    add_act({\'op\': \'configure_transition\', \'surface\': sur, \'allowed_materials\': mats})\n\n# Workflow Gates\nfor ring in [\'canary\', \'fleet\']:\n    for cons in estate[\'consumers\']:\n        if cons[\'surface\'].startswith(\'archive:\'): continue\n        add_act({\'op\': \'workflow_gate\', \'surface\': cons[\'surface\'], \'consumer\': cons[\'id\'], \'ring\': ring, \'profile\': \'target\'})\n\n# Archives\nfor arc in archives_data:\n    aid = arc[\'id\']\n    obj = next(o for o in fixtures[\'archive_objects\'] if o[\'archive\'] == aid)\n    mat = next(m for m in materials_data if m[\'id\'] == \'archive-wrap-hybrid\')\n    ctx = f"{aid}\\x00{final_policies[\'archive:compliance\'][\'data_cipher\']}\\x00archive-wrap-hybrid\\x00{arc[\'digest\']}".encode(\'utf-8\')\n    msg = bytes.fromhex(obj[\'legacy_envelope_hex\']) + bytes.fromhex(obj[\'object_nonce_hex\']) + ctx\n    nenv = hmac256_hex(mat[\'rewrap_share_hex\'], msg)\n    proof = hmac256_hex(nenv, b"restore-v1\\x00" + ctx)\n    add_act({\'op\': \'migrate_archive\', \'archive\': aid, \'data_cipher\': final_policies[\'archive:compliance\'][\'data_cipher\'], \'wrap_material\': \'archive-wrap-hybrid\', \'mode\': arc[\'migration_mode\'], \'new_envelope_hex\': nenv, \'restore_proof\': proof})\n    add_act({\'op\': \'archive_gate\', \'archive\': aid, \'consumers\': arc[\'required_consumers\'], \'expected_digest\': arc[\'digest\']})\n\nfor sur in final_policies:\n    add_act({\'op\': \'set_final_policy\', \'surface\': sur})\nfor r in findings[\'retire_material\']:\n    add_act({\'op\': \'retire_material\', \'material\': r})\n\nplan = {\'format_version\': 1, \'case_id\': estate[\'case_id\'], \'findings\': findings, \'dependencies\': deps, \'final_policies\': final_policies, \'actions\': actions}\nwith open(\'/app/submission/migration-plan.json\', \'w\') as f: json.dump(plan, f, indent=2)\nEOF\n'] min_timeout_sec: 0.2 max_timeout_sec: 180.0
Sending keys: ['python3 /app/generate_plan.py && agilityctl rehearse /app/submission/migration-plan.json\n'] min_timeout_sec: 1.0 max_timeout_sec: 180.0
Trajectory dumped to /home/ubuntu/worktrees/def_tasks/tasksets/v3/incoming/codex/batch_9/006/.task-factory-runtime/jobs/codex_batch_9_006_qualification_r12_20260815_225832_004344/cryptographic_agility_pqc_migrat__BJuUBjG/agent/trajectory.json
Parser warnings: - Extra text detected before JSON object
- Extra text detected after JSON object
Sending keys: ["cat << 'EOF' > /app/show_versions.py\nimport json\ncomp = json.load(open('/opt/crypto-case/case/compatibility.json'))\nprint(json.dumps(comp.get('versions', {}), indent=2))\nEOF\n"] min_timeout_sec: 0.1 max_timeout_sec: 180.0
Sending keys: ['python3 /app/show_versions.py | head -n 40\n'] min_timeout_sec: 0.5 max_timeout_sec: 180.0
Sending keys: ['python3 /app/show_versions.py | tail -n 40\n'] min_timeout_sec: 0.5 max_timeout_sec: 180.0
Trajectory dumped to /home/ubuntu/worktrees/def_tasks/tasksets/v3/incoming/codex/batch_9/006/.task-factory-runtime/jobs/codex_batch_9_006_qualification_r12_20260815_225832_004344/cryptographic_agility_pqc_migrat__BJuUBjG/agent/trajectory.json
Parser warnings: - Extra text detected before JSON object
- Extra text detected after JSON object
Sending keys: ['python3 -c "import json; estate = json.load(open(\'/opt/crypto-case/case/estate.json\')); print({c[\'id\']: c[\'version\'] for c in estate[\'consumers\']})"\n'] min_timeout_sec: 0.2 max_timeout_sec: 180.0
Sending keys: ['python3 /app/show_versions.py | grep -B 2 -A 5 gw-\n'] min_timeout_sec: 0.5 max_timeout_sec: 180.0
Sending keys: ['python3 /app/show_versions.py | grep -B 2 -A 5 export-\n'] min_timeout_sec: 0.5 max_timeout_sec: 180.0
Trajectory dumped to /home/ubuntu/worktrees/def_tasks/tasksets/v3/incoming/codex/batch_9/006/.task-factory-runtime/jobs/codex_batch_9_006_qualification_r12_20260815_225832_004344/cryptographic_agility_pqc_migrat__BJuUBjG/agent/trajectory.json
Parser warnings: - Extra text detected before JSON object
- Extra text detected after JSON object
Sending keys: ['python3 -c "import json; e = json.load(open(\'/opt/crypto-case/case/estate.json\')); print({c[\'id\']: c[\'version\'] for c in e[\'consumers\']})"\n'] min_timeout_sec: 0.1 max_timeout_sec: 180.0
Sending keys: ['python3 -c "import json; v = json.load(open(\'/opt/crypto-case/case/compatibility.json\'))[\'versions\']; print(\'gw-5.4:\', v.get(\'gw-5.4\')); print(\'gw-6.2:\', v.get(\'gw-6.2\')); print(\'gw-7.0-lab:\', v.get(\'gw-7.0-lab\'))"\n'] min_timeout_sec: 0.1 max_timeout_sec: 180.0
Sending keys: ['python3 -c "import json; p = json.load(open(\'/opt/crypto-case/case/compatibility.json\'))[\'packages\']; print([{x[\'id\']: x[\'to\']} for x in p if x[\'from\'] == \'gw-4.8\'])"\n'] min_timeout_sec: 0.1 max_timeout_sec: 180.0
Trajectory dumped to /home/ubuntu/worktrees/def_tasks/tasksets/v3/incoming/codex/batch_9/006/.task-factory-runtime/jobs/codex_batch_9_006_qualification_r12_20260815_225832_004344/cryptographic_agility_pqc_migrat__BJuUBjG/agent/trajectory.json
Parser warnings: - Extra text detected before JSON object
- Extra text detected after JSON object
Sending keys: ['sed -i "s/\'tls-field-south\': \'upgrade-gw-5.4\',/\'tls-field-south\': None,/g" /app/generate_plan.py\n'] min_timeout_sec: 0.1 max_timeout_sec: 180.0
Sending keys: ['sed -i "s/\'sign-plant-beta\': \'upgrade-boot-v3\',/\'sign-plant-beta\': None,/g" /app/generate_plan.py\n'] min_timeout_sec: 0.1 max_timeout_sec: 180.0
Sending keys: ['sed -i "s/\'archive-audit\': \'upgrade-restore-2.0\'/\'archive-audit\': None/g" /app/generate_plan.py\n'] min_timeout_sec: 0.1 max_timeout_sec: 180.0
Sending keys: ['python3 /app/generate_plan.py && agilityctl rehearse /app/submission/migration-plan.json\n'] min_timeout_sec: 1.0 max_timeout_sec: 180.0
Trajectory dumped to /home/ubuntu/worktrees/def_tasks/tasksets/v3/incoming/codex/batch_9/006/.task-factory-runtime/jobs/codex_batch_9_006_qualification_r12_20260815_225832_004344/cryptographic_agility_pqc_migrat__BJuUBjG/agent/trajectory.json
Parser warnings: - Extra text detected before JSON object
- Extra text detected after JSON object
Sending keys: ['cat /app/generate_plan.py | grep -n -A 30 "# Distribute trust to this ring"\n'] min_timeout_sec: 0.1 max_timeout_sec: 180.0
Sending keys: ['cat /app/generate_plan.py | grep -n -A 20 "# Workflow Gates"\n'] min_timeout_sec: 0.1 max_timeout_sec: 180.0
Trajectory dumped to /home/ubuntu/worktrees/def_tasks/tasksets/v3/incoming/codex/batch_9/006/.task-factory-runtime/jobs/codex_batch_9_006_qualification_r12_20260815_225832_004344/cryptographic_agility_pqc_migrat__BJuUBjG/agent/trajectory.json
Parser warnings: - Extra text detected before JSON object
- Extra text detected after JSON object
Sending keys: ['python3 -c "import json; m = json.load(open(\'/opt/crypto-case/case/materials.json\'))[\'materials\']; print([x for x in m if x[\'surface\'] == \'signing:device-update\' and x[\'approved\'] == \'final\'])"\n'] min_timeout_sec: 0.5 max_timeout_sec: 180.0
Trajectory dumped to /home/ubuntu/worktrees/def_tasks/tasksets/v3/incoming/codex/batch_9/006/.task-factory-runtime/jobs/codex_batch_9_006_qualification_r12_20260815_225832_004344/cryptographic_agility_pqc_migrat__BJuUBjG/agent/trajectory.json
Parser warnings: - Extra text detected before JSON object
- Extra text detected after JSON object
Sending keys: ['python3 -c "import json; a = json.load(open(\'/app/submission/migration-plan.json\'))[\'actions\']; print(\'58:\', a[58]); print(\'59:\', a[59]); print(\'65:\', a[65]); print(\'66:\', a[66]); print(\'76:\', a[76]); print(\'80:\', a[80])"\n'] min_timeout_sec: 0.5 max_timeout_sec: 180.0
Trajectory dumped to /home/ubuntu/worktrees/def_tasks/tasksets/v3/incoming/codex/batch_9/006/.task-factory-runtime/jobs/codex_batch_9_006_qualification_r12_20260815_225832_004344/cryptographic_agility_pqc_migrat__BJuUBjG/agent/trajectory.json
Parser warnings: - Extra text detected before JSON object
- Extra text detected after JSON object
Sending keys: ['python3 -c "import json; a = json.load(open(\'/app/submission/migration-plan.json\'))[\'actions\']; print([x for x in a if x[\'op\'] == \'distribute_trust\' and x[\'consumer\'] == \'sign-plant-beta\'])"\n'] min_timeout_sec: 0.5 max_timeout_sec: 180.0
Trajectory dumped to /home/ubuntu/worktrees/def_tasks/tasksets/v3/incoming/codex/batch_9/006/.task-factory-runtime/jobs/codex_batch_9_006_qualification_r12_20260815_225832_004344/cryptographic_agility_pqc_migrat__BJuUBjG/agent/trajectory.json
Parser warnings: - Extra text detected before JSON object
- Extra text detected after JSON object
Sending keys: ['python3 -c "import json; a = json.load(open(\'/app/submission/migration-plan.json\'))[\'actions\']; print([x for x in a if x[\'op\'] in [\'activate_material\', \'configure_transition\'] and x[\'surface\'] == \'signing:device-update\'])"\n'] min_timeout_sec: 0.5 max_timeout_sec: 180.0
Trajectory dumped to /home/ubuntu/worktrees/def_tasks/tasksets/v3/incoming/codex/batch_9/006/.task-factory-runtime/jobs/codex_batch_9_006_qualification_r12_20260815_225832_004344/cryptographic_agility_pqc_migrat__BJuUBjG/agent/trajectory.json
Parser warnings: - Extra text detected before JSON object
- Extra text detected after JSON object
Sending keys: ['python3 -c "import json; e = json.load(open(\'/opt/crypto-case/case/estate.json\')); print([c[\'id\'] for c in e[\'consumers\'] if c[\'surface\'] == \'signing:device-update\'])"\n'] min_timeout_sec: 0.5 max_timeout_sec: 180.0
Trajectory dumped to /home/ubuntu/worktrees/def_tasks/tasksets/v3/incoming/codex/batch_9/006/.task-factory-runtime/jobs/codex_batch_9_006_qualification_r12_20260815_225832_004344/cryptographic_agility_pqc_migrat__BJuUBjG/agent/trajectory.json
Parser warnings: - No valid JSON object found
Parser warnings: - Extra text detected before JSON object
- Extra text detected after JSON object
Sending keys: ['python3 -c "import json; print(json.load(open(\'/opt/crypto-case/case/policy-baseline.json\'))[\'approved_sources\'])"\n'] min_timeout_sec: 0.5 max_timeout_sec: 180.0
Sending keys: ['python3 -c "import json; m = json.load(open(\'/opt/crypto-case/case/materials.json\'))[\'materials\']; print({x[\'id\']: x.get(\'source\') for x in m if x[\'surface\'] == \'signing:device-update\' and x[\'approved\'] == \'final\'})"\n'] min_timeout_sec: 0.5 max_timeout_sec: 180.0
Trajectory dumped to /home/ubuntu/worktrees/def_tasks/tasksets/v3/incoming/codex/batch_9/006/.task-factory-runtime/jobs/codex_batch_9_006_qualification_r12_20260815_225832_004344/cryptographic_agility_pqc_migrat__BJuUBjG/agent/trajectory.json
Parser warnings: - Extra text detected before JSON object
- Extra text detected after JSON object
Sending keys: ['python3 -c "import json; m = json.load(open(\'/opt/crypto-case/case/materials.json\'))[\'materials\']; sel = [\'tls-api-2027\', \'sign-release-ed\', \'sign-release-pq-c\', \'ssh-host-ed25519-c\', \'ssh-user-ca-ed\', \'archive-wrap-hybrid\']; print({x[\'id\']: x.get(\'custody_domain\') for x in m if x[\'id\'] in sel})"\n'] min_timeout_sec: 0.5 max_timeout_sec: 180.0
Trajectory dumped to /home/ubuntu/worktrees/def_tasks/tasksets/v3/incoming/codex/batch_9/006/.task-factory-runtime/jobs/codex_batch_9_006_qualification_r12_20260815_225832_004344/cryptographic_agility_pqc_migrat__BJuUBjG/agent/trajectory.json
Parser warnings: - Extra text detected before JSON object
- Extra text detected after JSON object
Sending keys: ['python3 -c "import json; v = json.load(open(\'/opt/crypto-case/case/compatibility.json\'))[\'versions\']; print(\'boot-v3:\', v[\'boot-v3\'])"\n'] min_timeout_sec: 0.5 max_timeout_sec: 180.0
Trajectory dumped to /home/ubuntu/worktrees/def_tasks/tasksets/v3/incoming/codex/batch_9/006/.task-factory-runtime/jobs/codex_batch_9_006_qualification_r12_20260815_225832_004344/cryptographic_agility_pqc_migrat__BJuUBjG/agent/trajectory.json
Parser warnings: - Extra text detected before JSON object
- Extra text detected after JSON object
Sending keys: ['python3 -c "import json; m = json.load(open(\'/opt/crypto-case/case/materials.json\'))[\'materials\']; print(json.dumps([x for x in m if x[\'surface\'] == \'signing:device-update\'], indent=2))"\n'] min_timeout_sec: 0.5 max_timeout_sec: 180.0
Trajectory dumped to /home/ubuntu/worktrees/def_tasks/tasksets/v3/incoming/codex/batch_9/006/.task-factory-runtime/jobs/codex_batch_9_006_qualification_r12_20260815_225832_004344/cryptographic_agility_pqc_migrat__BJuUBjG/agent/trajectory.json
Parser warnings: - Extra text detected before JSON object
- Extra text detected after JSON object
Sending keys: ['python3 -c "import json; e = json.load(open(\'/opt/crypto-case/case/estate.json\')); print(json.dumps([c for c in e[\'consumers\'] if c[\'surface\'] == \'signing:device-update\'], indent=2))"\n'] min_timeout_sec: 0.5 max_timeout_sec: 180.0
Trajectory dumped to /home/ubuntu/worktrees/def_tasks/tasksets/v3/incoming/codex/batch_9/006/.task-factory-runtime/jobs/codex_batch_9_006_qualification_r12_20260815_225832_004344/cryptographic_agility_pqc_migrat__BJuUBjG/agent/trajectory.json
Parser warnings: - Extra text detected before JSON object
- Extra text detected after JSON object
Sending keys: ['python3 -c "import json; b = json.load(open(\'/opt/crypto-case/case/policy-baseline.json\'))[\'surfaces\'][\'signing:device-update\']; print(b)"\n'] min_timeout_sec: 0.5 max_timeout_sec: 180.0
Sending keys: ['python3 -c "import json; m = json.load(open(\'/opt/crypto-case/case/materials.json\'))[\'materials\']; print([x for x in m if x[\'id\'] in [\'sign-release-ed\', \'sign-release-pq-c\']])"\n'] min_timeout_sec: 0.5 max_timeout_sec: 180.0
Trajectory dumped to /home/ubuntu/worktrees/def_tasks/tasksets/v3/incoming/codex/batch_9/006/.task-factory-runtime/jobs/codex_batch_9_006_qualification_r12_20260815_225832_004344/cryptographic_agility_pqc_migrat__BJuUBjG/agent/trajectory.json
Parser warnings: - Extra text detected before JSON object
- Extra text detected after JSON object
Sending keys: ["sed -i 's/sign-release-pq-c/sign-release-pq/g' /app/generate_plan.py\n"] min_timeout_sec: 0.1 max_timeout_sec: 180.0
Sending keys: ["sed -i 's/archive-wrap-hybrid/archive-wrap-hybrid-edge/g' /app/generate_plan.py\n"] min_timeout_sec: 0.1 max_timeout_sec: 180.0
Sending keys: ['python3 /app/generate_plan.py && agilityctl rehearse /app/submission/migration-plan.json\n'] min_timeout_sec: 1.0 max_timeout_sec: 180.0
Trajectory dumped to /home/ubuntu/worktrees/def_tasks/tasksets/v3/incoming/codex/batch_9/006/.task-factory-runtime/jobs/codex_batch_9_006_qualification_r12_20260815_225832_004344/cryptographic_agility_pqc_migrat__BJuUBjG/agent/trajectory.json
Parser warnings: - Extra text detected before JSON object
- Extra text detected after JSON object
Sending keys: ['agilityctl --help\n'] min_timeout_sec: 0.5 max_timeout_sec: 180.0
Sending keys: ['python3 -c "import json; a = json.load(open(\'/app/submission/migration-plan.json\'))[\'actions\']; print([x for x in a if x[\'op\'] == \'activate_material\'])"\n'] min_timeout_sec: 0.5 max_timeout_sec: 180.0
Trajectory dumped to /home/ubuntu/worktrees/def_tasks/tasksets/v3/incoming/codex/batch_9/006/.task-factory-runtime/jobs/codex_batch_9_006_qualification_r12_20260815_225832_004344/cryptographic_agility_pqc_migrat__BJuUBjG/agent/trajectory.json
Parser warnings: - Extra text detected before JSON object
- Extra text detected after JSON object
Sending keys: ['cat /opt/crypto-case/docs/plan-schema.md | grep -A 15 "## Final policies"\n'] min_timeout_sec: 0.5 max_timeout_sec: 180.0
Trajectory dumped to /home/ubuntu/worktrees/def_tasks/tasksets/v3/incoming/codex/batch_9/006/.task-factory-runtime/jobs/codex_batch_9_006_qualification_r12_20260815_225832_004344/cryptographic_agility_pqc_migrat__BJuUBjG/agent/trajectory.json
Parser warnings: - Extra text detected before JSON object
- Extra text detected after JSON object
Sending keys: ['cat << \'EOF\' > patch_policies.py\nwith open(\'/app/generate_plan.py\', \'r\') as f:\n    lines = f.readlines()\n\nnew_lines = []\nfor line in lines:\n    if "final_policies = base_policy.get(\'surfaces\', {})" in line:\n        new_lines.append("""final_policies = {\n    \'tls:telemetry-api\': {\n        \'minimum_protocol\': \'TLS1.3\',\n        \'allowed_kex\': [\'X25519_MLKEM768\'],\n        \'allowed_server_credentials\': [\'tls-api-2027\'],\n        \'trusted_roots\': [\'tls-root-2027\'],\n        \'reject_downgrade\': True\n    },\n    \'signing:device-update\': {\n        \'required_signers\': [\'sign-release-ed\', \'sign-release-pq\'],\n        \'allowed_algorithms\': [\'ED25519\', \'ML_DSA_65\'],\n        \'threshold\': 2,\n        \'context\': \'helios-release-v2\',\n        \'reject_revoked\': True\n    },\n    \'ssh:ops-bastion\': {\n        \'allowed_host_keys\': [\'ssh-host-ed25519-c\'],\n        \'allowed_user_cas\': [\'ssh-user-ca-ed\'],\n        \'allowed_signature_algorithms\': [\'SSH_ED25519\'],\n        \'strict_host_identity\': True,\n        \'reject_sha1\': True\n    },\n    \'archive:compliance\': {\n        \'data_cipher\': \'AES_256_GCM\',\n        \'wrap_algorithm\': \'X25519_MLKEM768\',\n        \'wrap_material\': \'archive-wrap-hybrid-edge\',\n        \'require_aead\': True\n    }\n}\n""")\n    else:\n        new_lines.append(line)\n\nwith open(\'/app/generate_plan.py\', \'w\') as f:\n    f.writelines(new_lines)\nEOF\n'] min_timeout_sec: 0.1 max_timeout_sec: 180.0
Sending keys: ['python3 patch_policies.py && python3 /app/generate_plan.py && agilityctl rehearse /app/submission/migration-plan.json\n'] min_timeout_sec: 1.0 max_timeout_sec: 180.0
Trajectory dumped to /home/ubuntu/worktrees/def_tasks/tasksets/v3/incoming/codex/batch_9/006/.task-factory-runtime/jobs/codex_batch_9_006_qualification_r12_20260815_225832_004344/cryptographic_agility_pqc_migrat__BJuUBjG/agent/trajectory.json
Parser warnings: - Extra text detected before JSON object
- Extra text detected after JSON object
Trajectory dumped to /home/ubuntu/worktrees/def_tasks/tasksets/v3/incoming/codex/batch_9/006/.task-factory-runtime/jobs/codex_batch_9_006_qualification_r12_20260815_225832_004344/cryptographic_agility_pqc_migrat__BJuUBjG/agent/trajectory.json
Parser warnings: - Extra text detected before JSON object
- Extra text detected after JSON object
Trajectory dumped to /home/ubuntu/worktrees/def_tasks/tasksets/v3/incoming/codex/batch_9/006/.task-factory-runtime/jobs/codex_batch_9_006_qualification_r12_20260815_225832_004344/cryptographic_agility_pqc_migrat__BJuUBjG/agent/trajectory.json
Trajectory dumped to /home/ubuntu/worktrees/def_tasks/tasksets/v3/incoming/codex/batch_9/006/.task-factory-runtime/jobs/codex_batch_9_006_qualification_r12_20260815_225832_004344/cryptographic_agility_pqc_migrat__BJuUBjG/agent/trajectory.json
Collecting main service artifacts
